acc_x,acc_y,acc_z,gyro_x,gyro_y,gyro_z,participant,label,category,set
0.0135,0.977,-0.071,-1.8904000000000003,2.4391999999999996,0.9388000000000002,B,bench,heavy,30
-0.0014999999999999996,0.9704999999999999,-0.07949999999999999,-1.6826,-0.8904,2.1708,B,bench,heavy,30
0.0013333333333333333,0.9716666666666667,-0.06433333333333334,2.5608000000000004,-0.2559999999999999,-1.4146,B,bench,heavy,30
-0.024,0.957,-0.0735,8.061,-4.5244,-2.073,B,bench,heavy,30
-0.027999999999999997,0.9576666666666666,-0.115,2.439,-1.5486,-3.6098,B,bench,heavy,30
-0.026000000000000002,0.965,-0.118,0.4634000000000002,5.2194,-6.4636,B,bench,heavy,30
-0.048666666666666664,0.79,-0.14533333333333334,21.695,8.1708,-28.219600000000003,B,bench,heavy,30
-0.16999999999999998,0.8995,-0.25,17.5246,1.5976,-17.5854,B,bench,heavy,30
-0.22266666666666668,0.907,-0.20433333333333334,-7.2318,-1.3536,-0.40260000000000007,B,bench,heavy,30
-0.20450000000000002,0.9299999999999999,-0.14900000000000002,-28.683,-10.207600000000001,20.5732,B,bench,heavy,30
-0.205,1.4046666666666667,-0.09500000000000001,-4.1098,-9.3172,-3.3412000000000006,B,bench,heavy,30
-0.1635,0.996,-0.11299999999999999,35.5488,11.5732,-17.2074,B,bench,heavy,30
-0.22066666666666668,0.904,-0.20833333333333334,4.8902,-0.28040000000000004,-0.13399999999999998,B,bench,heavy,30
-0.222,0.9464999999999999,-0.221,-1.061,-2.1830000000000003,11.3536,B,bench,heavy,30
-0.18433333333333335,0.9913333333333333,-0.19066666666666668,-28.426800000000004,-13.085399999999998,25.2684,B,bench,heavy,30
-0.07350000000000001,0.762,-0.054,-27.524399999999996,-6.3048,22.8052,B,bench,heavy,30
-0.011000000000000001,0.8506666666666667,-0.09433333333333332,12.0852,-0.3536,-5.4024,B,bench,heavy,30
-0.0525,1.025,-0.0375,-6.5366,-0.7194,0.3414,B,bench,heavy,30
-0.065,0.9553333333333334,-0.025333333333333333,1.2684,-3.0246,-1.2318,B,bench,heavy,30
-0.0535,0.9655,-0.038500000000000006,4.8660000000000005,-2.0485999999999995,2.061,B,bench,heavy,30
-0.04066666666666666,0.9899999999999999,-0.034,2.8538,-2.939,1.8656,B,bench,heavy,30
-0.0475,0.961,-0.042499999999999996,2.1586,-1.512,0.3902,B,bench,heavy,30
-0.054,0.9463333333333334,-0.06799999999999999,2.1586,2.7194000000000003,-3.8658,B,bench,heavy,30
-0.0535,0.7685,-0.091,26.8048,11.8292,-22.305,B,bench,heavy,30
-0.128,0.8453333333333334,-0.17066666666666666,27.9146,5.0732,-13.012199999999998,B,bench,heavy,30
-0.1915,0.9179999999999999,-0.2545,-1.9026,-4.5244,-0.8412,B,bench,heavy,30
-0.17966666666666667,0.9666666666666667,-0.17,-31.3658,-3.0612000000000004,20.0366,B,bench,heavy,30
-0.22,1.557,-0.1955,11.3416,-5.061,-12.4998,B,bench,heavy,30
-0.18200000000000002,0.9276666666666668,-0.17200000000000001,19.9268,0.26820000000000005,-15.756,B,bench,heavy,30
-0.2195,0.904,-0.244,6.939,-2.6586,3.0245999999999995,B,bench,heavy,30
-0.225,0.9416666666666668,-0.24633333333333332,-8.6586,-5.1706,7.6586,B,bench,heavy,30
-0.193,0.986,-0.235,-26.0,-10.4634,20.7926,B,bench,heavy,30
-0.10933333333333334,0.8886666666666666,-0.03166666666666667,-41.9512,-4.9878,27.1826,B,bench,heavy,30
-0.010499999999999999,0.6180000000000001,-0.0525,15.487800000000002,-6.939,-4.9876,B,bench,heavy,30
-0.06933333333333334,1.09,-0.009333333333333334,2.1832000000000003,0.14640000000000003,1.6463999999999999,B,bench,heavy,30
-0.06,0.9235,-0.0235,1.7315999999999998,0.09759999999999991,0.7926000000000001,B,bench,heavy,30
-0.04466666666666667,0.975,-0.024333333333333332,3.3171999999999997,0.41459999999999997,4.5607999999999995,B,bench,heavy,30
-0.038,0.9764999999999999,-0.0495,1.5854,-1.9148000000000003,-0.20719999999999983,B,bench,heavy,30
-0.041666666666666664,0.979,-0.047999999999999994,2.4026000000000005,-1.5976,-1.1708,B,bench,heavy,30
-0.051000000000000004,0.9675,-0.048,0.2928,-3.8293999999999997,-0.3416,B,bench,heavy,30
-0.058666666666666666,0.9693333333333333,-0.052333333333333336,2.5976,-3.6708,-0.6952,B,bench,heavy,30
-0.05499999999999999,0.872,-0.07,11.9756,8.5488,-11.561,B,bench,heavy,30
-0.10033333333333334,0.781,-0.13466666666666668,26.780399999999997,14.475399999999999,-33.2684,B,bench,heavy,30
-0.2,0.9005000000000001,-0.20450000000000002,21.439,-6.3048,-4.0976,B,bench,heavy,30
-0.247,0.9169999999999999,-0.206,-31.8414,-4.7318,5.9514,B,bench,heavy,30
-0.269,1.2325,-0.1185,-27.170799999999996,-11.7682,11.0122,B,bench,heavy,30
-0.24566666666666667,1.1846666666666665,-0.07733333333333332,32.7318,0.8049999999999999,-10.5852,B,bench,heavy,30
-0.1795,0.8614999999999999,-0.124,20.7562,-5.780600000000001,-2.4024,B,bench,heavy,30
-0.20633333333333334,0.9296666666666668,-0.23233333333333336,3.8415999999999997,-3.7682,-6.255999999999999,B,bench,heavy,30
-0.2615,0.9275,-0.2115,7.4998000000000005,-1.7075999999999993,2.0608000000000004,B,bench,heavy,30
-0.27,0.957,-0.25566666666666665,-6.2072,-4.878,15.890199999999998,B,bench,heavy,30
-0.1985,0.995,-0.22,-29.305,-3.1586,27.0976,B,bench,heavy,30
-0.08800000000000001,0.789,-0.09666666666666668,-37.9024,-1.1343999999999994,20.7562,B,bench,heavy,30
-0.0165,0.8540000000000001,-0.009500000000000001,16.2926,-3.5488,2.1708000000000003,B,bench,heavy,30
-0.03133333333333333,0.9926666666666667,-0.06466666666666666,-1.7072000000000003,1.0732,-1.0364,B,bench,heavy,30
-0.05,0.9929999999999999,-0.0165,-0.4511999999999997,-2.6586,2.2194,B,bench,heavy,30
-0.037,0.9833333333333334,-0.015333333333333332,-4.8048,-0.3902,-1.3782,B,bench,heavy,30
-0.026000000000000002,0.948,-0.0009999999999999992,9.0242,-0.9879999999999995,-2.061,B,bench,heavy,30
-0.05566666666666667,0.9916666666666666,-0.04033333333333333,0.7804,-4.683,3.6098,B,bench,heavy,30
-0.0475,0.955,-0.0455,4.5242,-2.9756,-2.7682,B,bench,heavy,30
-0.056,0.9826666666666667,-0.04633333333333334,-2.0122,0.5,-0.5365999999999999,B,bench,heavy,30
-0.0635,0.9339999999999999,-0.049,7.8658,3.3414,-3.5245999999999995,B,bench,heavy,30
-0.06966666666666667,0.758,-0.09600000000000002,27.170799999999996,8.561,-27.549,B,bench,heavy,30
-0.1585,0.88,-0.192,21.5976,1.9756,-15.317000000000002,B,bench,heavy,30
-0.211,0.9313333333333333,-0.21666666666666667,-6.6952,-5.122,11.0974,B,bench,heavy,30
-0.20700000000000002,1.0265,-0.087,-44.4024,-12.3048,7.6218,B,bench,heavy,30
-0.27799999999999997,1.3933333333333333,-0.08533333333333333,26.2194,5.9266000000000005,-20.8172,B,bench,heavy,30
-0.225,0.8245,-0.1185,14.7196,-16.5122,-11.0732,B,bench,heavy,30
-0.2683333333333333,0.8936666666666667,-0.16866666666666666,-3.3047999999999993,2.3538000000000006,-6.3416,B,bench,heavy,30
-0.26949999999999996,0.92,-0.16649999999999998,12.317,3.9268,19.8904,B,bench,heavy,30
-0.25633333333333336,0.9653333333333333,-0.18866666666666668,-6.4876000000000005,-1.1218,6.3902,B,bench,heavy,30
-0.191,1.0314999999999999,-0.174,-18.5854,-13.158600000000002,29.024400000000004,B,bench,heavy,30
-0.08866666666666667,0.7876666666666666,-0.09633333333333334,-30.0122,6.0732,22.0246,B,bench,heavy,30
-0.019,0.865,-0.015,20.1832,-2.7318,1.0852000000000002,B,bench,heavy,30
-0.06233333333333333,1.0136666666666667,-0.059666666666666666,-4.1096,-0.10959999999999973,0.5121999999999998,B,bench,heavy,30
-0.054,0.9815,-0.078,3.8536,-3.9756,4.634,B,bench,heavy,30
-0.03866666666666667,0.9563333333333333,-0.059,-1.3048000000000002,-1.6463999999999999,0.1951999999999999,B,bench,heavy,30
-0.0375,0.9874999999999999,-0.051500000000000004,1.8046,-2.7927999999999997,-0.06099999999999994,B,bench,heavy,30
-0.044000000000000004,0.9686666666666666,-0.06266666666666666,3.4143999999999997,-2.9632,-0.8536000000000001,B,bench,heavy,30
-0.045,0.9815,-0.052500000000000005,-0.12179999999999983,-3.4512,1.866,B,bench,heavy,30
-0.04533333333333334,0.9586666666666667,-0.062,0.20739999999999995,-3.4512,-0.7071999999999999,B,bench,heavy,30
-0.051,0.979,-0.0605,1.5732,-2.0366,0.317,B,bench,heavy,30
-0.050333333333333334,0.976,-0.056666666666666664,0.20760000000000006,-2.866,0.9756,B,bench,heavy,30
-0.034,0.9365,-0.056,5.5122,-2.378,0.39039999999999997,B,bench,heavy,30
-0.052333333333333336,0.9803333333333333,-0.08600000000000001,-1.8782,-1.6705999999999999,0.15839999999999987,B,bench,heavy,30
0.0325,0.98,0.0235,8.378,-1.5245999999999997,1.2196,B,bench,heavy,31
0.002,0.8535,-0.028499999999999998,12.7928,1.8904000000000003,-17.7562,B,bench,heavy,31
-0.06766666666666667,0.7949999999999999,-0.09233333333333334,28.365999999999996,4.0488,-34.5244,B,bench,heavy,31
-0.21200000000000002,0.901,-0.16749999999999998,-2.2559999999999993,2.7074,-29.9146,B,bench,heavy,31
-0.2456666666666667,0.9076666666666666,-0.11333333333333334,-10.1708,-13.878,19.5368,B,bench,heavy,31
-0.241,1.1655,-0.008,-24.1096,-18.7804,23.512,B,bench,heavy,31
-0.216,1.3006666666666666,0.010333333333333333,26.183,10.8414,-22.9146,B,bench,heavy,31
-0.23149999999999998,0.894,-0.0775,3.4146,1.7072000000000003,-18.7196,B,bench,heavy,31
-0.26699999999999996,0.9233333333333333,-0.11833333333333333,9.0366,-6.5,4.1708,B,bench,heavy,31
-0.252,0.9325,-0.0955,0.6341999999999999,-1.8170000000000002,13.390200000000002,B,bench,heavy,31
-0.2346666666666667,1.0039999999999998,-0.08666666666666667,-21.2926,-8.4024,25.6098,B,bench,heavy,31
-0.1155,0.8815,0.022,-30.2562,-4.1218,34.8658,B,bench,heavy,31
-0.005,0.7746666666666666,-0.01466666666666667,9.2196,-3.0366,-9.0366,B,bench,heavy,31
-0.066,1.048,0.0245,6.6586,1.7194000000000003,0.5853999999999997,B,bench,heavy,31
-0.09133333333333334,0.6786666666666666,-0.035333333333333335,28.182799999999997,18.7316,-42.5366,B,bench,heavy,31
-0.16649999999999998,0.9279999999999999,-0.156,19.4026,-2.0854,-17.4754,B,bench,heavy,31
-0.2703333333333333,0.9369999999999999,-0.09700000000000002,-19.3414,-6.1218,11.2684,B,bench,heavy,31
-0.323,1.216,0.025500000000000002,-26.2682,-11.7928,9.4636,B,bench,heavy,31
-0.2813333333333333,1.2593333333333334,-0.013333333333333334,44.744,13.4512,-10.6828,B,bench,heavy,31
-0.23099999999999998,0.8665,-0.122,10.4634,-7.3904,-4.7564,B,bench,heavy,31
-0.245,0.9423333333333334,-0.19233333333333333,-8.8294,3.9878,2.7196000000000002,B,bench,heavy,31
-0.22549999999999998,0.9325,-0.115,-3.9878,-6.1708,20.6586,B,bench,heavy,31
-0.15933333333333333,1.0236666666666665,-0.08766666666666667,-33.6218,-10.4876,33.0854,B,bench,heavy,31
-0.0655,0.671,0.013499999999999998,-11.3782,-6.4024,17.6462,B,bench,heavy,31
-0.011333333333333334,0.9803333333333334,0.023333333333333334,6.1096,0.036600000000000056,-2.0976,B,bench,heavy,31
-0.020999999999999998,0.7265,-0.0265,22.1098,12.7804,-25.9514,B,bench,heavy,31
-0.11499999999999999,0.7046666666666667,-0.09566666666666666,25.4998,3.0854000000000004,-38.9146,B,bench,heavy,31
-0.274,1.0025,-0.1305,-9.4756,-11.1706,15.3416,B,bench,heavy,31
-0.24533333333333332,1.2293333333333332,0.004333333333333332,-37.122,-15.0,12.1952,B,bench,heavy,31
-0.2615,1.3900000000000001,0.07400000000000001,28.5,8.8902,-16.6828,B,bench,heavy,31
-0.19733333333333333,0.823,-0.048666666666666664,10.9024,1.8414000000000001,-10.0608,B,bench,heavy,31
-0.24,0.9225,-0.10500000000000001,9.1098,-3.9880000000000004,2.7072000000000003,B,bench,heavy,31
-0.25466666666666665,0.963,-0.11266666666666665,-2.817,0.8416000000000002,0.5610000000000002,B,bench,heavy,31
-0.2645,0.9715,-0.104,-5.4878,-6.0974,5.634,B,bench,heavy,31
-0.218,0.9776666666666666,-0.06633333333333334,-15.7196,-10.4758,36.9878,B,bench,heavy,31
-0.104,0.862,0.0535,-15.2684,-2.4512,25.9146,B,bench,heavy,31
-0.002999999999999998,0.8396666666666667,-0.032999999999999995,6.4146,2.4998000000000005,-13.6344,B,bench,heavy,31
-0.0625,0.8460000000000001,-0.015,23.2562,8.9148,-19.1708,B,bench,heavy,31
-0.12566666666666668,0.703,-0.126,29.5856,2.0244,-35.3658,B,bench,heavy,31
-0.27849999999999997,0.9924999999999999,-0.151,-14.9756,-12.317,13.634199999999998,B,bench,heavy,31
-0.2763333333333333,1.187,-0.03866666666666667,-32.317,-8.7928,16.0244,B,bench,heavy,31
-0.2885,1.395,0.0395,25.6462,8.9268,-16.8416,B,bench,heavy,31
-0.206,0.8300000000000001,-0.08600000000000001,17.2436,-8.1708,-5.939,B,bench,heavy,31
-0.2595,0.905,-0.11449999999999999,0.3780000000000001,5.9268,-3.061,B,bench,heavy,31
-0.26333333333333336,0.9513333333333334,-0.13066666666666668,-5.9268,4.6952,5.0120000000000005,B,bench,heavy,31
-0.22,0.9664999999999999,-0.1325,4.4756,-16.378,23.9756,B,bench,heavy,31
-0.164,1.0456666666666667,-0.09266666666666667,-28.183,2.8294,33.3658,B,bench,heavy,31
-0.0005000000000000004,0.849,-0.0065,-16.378,-2.7561999999999998,29.122000000000003,B,bench,heavy,31
0.041666666666666664,0.7803333333333334,-0.019000000000000003,8.622,-4.146,-11.1708,B,bench,heavy,31
-0.028999999999999998,1.1005,0.059,-3.9509999999999996,2.4514000000000005,0.7806,B,bench,heavy,31
-0.02,0.9423333333333334,0.03866666666666666,5.6708,-2.9026,-1.6344,B,bench,heavy,31
-0.006999999999999999,0.992,0.022,1.5608,-4.0485999999999995,0.25600000000000006,B,bench,heavy,31
-0.012333333333333335,0.9596666666666667,0.0010000000000000002,-1.4265999999999999,-3.1828000000000003,-0.5975999999999998,B,bench,heavy,31
-0.0375,0.966,0.014499999999999999,-0.37799999999999995,-2.3045999999999998,-0.25599999999999995,B,bench,heavy,31
-0.03666666666666667,0.9286666666666666,0.020666666666666667,8.1586,1.3538000000000001,-7.0366,B,bench,heavy,31
-0.061,0.6895,-0.053000000000000005,23.2684,9.6342,-35.4636,B,bench,heavy,31
-0.166,0.8926666666666666,-0.103,11.7928,-2.3412000000000006,-19.0488,B,bench,heavy,31
-0.232,0.9205,-0.057499999999999996,-17.5122,-5.061,19.8902,B,bench,heavy,31
-0.3013333333333333,1.3916666666666666,0.06466666666666666,-31.1706,-9.9878,-5.1706,B,bench,heavy,31
-0.254,1.0615,0.067,42.9144,-8.1098,-13.11,B,bench,heavy,31
-0.21066666666666667,0.8343333333333334,-0.078,15.3536,-3.2316000000000003,-6.8292,B,bench,heavy,31
-0.2615,0.887,-0.099,9.439,0.6585999999999999,8.3048,B,bench,heavy,31
-0.26233333333333336,0.9486666666666667,-0.165,-2.8536,5.1708,-2.0242000000000004,B,bench,heavy,31
-0.2455,0.961,-0.122,-2.9512,3.2802,4.1586,B,bench,heavy,31
-0.227,0.9883333333333333,-0.13033333333333333,-9.6464,1.7926000000000002,12.1586,B,bench,heavy,31
-0.183,1.0179999999999998,-0.1295,-21.8902,-10.5366,27.2928,B,bench,heavy,31
-0.08900000000000001,0.8450000000000001,-0.004,-22.183,-7.182600000000001,29.305200000000003,B,bench,heavy,31
0.0,0.7665,0.02,5.6586,0.3048000000000002,-8.7684,B,bench,heavy,31
-0.039,1.0456666666666667,0.06766666666666667,6.9024,-1.8048000000000002,5.5732,B,bench,heavy,31
-0.03,0.9755,0.031,10.4026,-2.9392,2.1096,B,bench,heavy,31
-0.017666666666666667,0.9733333333333333,-0.005999999999999999,6.0366,-3.1706,7.6218,B,bench,heavy,31
-0.004,0.985,-0.053,5.4879999999999995,-0.4066666666666667,0.4266666666666667,B,bench,heavy,31
-0.156,0.9443333333333334,-0.06866666666666667,-8.171000000000001,3.2076000000000002,1.4023999999999999,B,ohp,heavy,32
-0.1605,0.9975,-0.053,0.9146000000000001,2.1098,-4.9514,B,ohp,heavy,32
-0.274,1.247,-0.11733333333333333,21.683,32.4024,-48.2196,B,ohp,heavy,32
-0.3195,0.8744999999999999,-0.1585,44.622,21.4756,-14.963399999999998,B,ohp,heavy,32
-0.329,0.7476666666666666,-0.24833333333333332,13.0,11.0608,-5.622199999999999,B,ohp,heavy,32
-0.357,0.7855,-0.3325,16.0488,-2.7926,7.4514,B,ohp,heavy,32
-0.39666666666666667,0.9176666666666667,-0.437,-20.2806,-5.6098,7.0854,B,ohp,heavy,32
-0.33599999999999997,0.998,-0.34550000000000003,-77.9512,-10.2196,30.3414,B,ohp,heavy,32
-0.10833333333333334,0.5716666666666667,-0.15533333333333332,-7.622200000000004,14.341399999999998,36.3902,B,ohp,heavy,32
-0.192,1.172,0.0385,10.0974,-4.1095999999999995,1.4025999999999996,B,ohp,heavy,32
-0.11399999999999999,0.883,-0.078,5.805,-8.2926,-0.21940000000000026,B,ohp,heavy,32
-0.121,0.984,-0.14600000000000002,10.9756,-6.573,-1.9024,B,ohp,heavy,32
-0.141,0.9646666666666667,-0.142,-1.8294000000000001,3.6706000000000003,-4.9754000000000005,B,ohp,heavy,32
-0.158,0.9475,-0.135,1.9146,7.6706,4.4512,B,ohp,heavy,32
-0.15533333333333332,0.949,-0.118,-8.4148,13.3292,5.4268,B,ohp,heavy,32
-0.11699999999999999,0.9485,-0.133,13.0732,-20.2438,2.1586000000000003,B,ohp,heavy,32
-0.12633333333333333,0.9659999999999999,-0.14833333333333332,-0.6464000000000001,-6.7196,-5.4144000000000005,B,ohp,heavy,32
-0.1005,0.698,-0.15,32.7072,1.4147999999999996,-33.1828,B,ohp,heavy,32
-0.2373333333333333,0.7613333333333333,-0.2996666666666667,38.8902,2.2684000000000006,-16.4268,B,ohp,heavy,32
-0.2935,0.819,-0.40149999999999997,12.524799999999999,-11.7562,-1.012,B,ohp,heavy,32
-0.36366666666666664,0.9026666666666666,-0.3476666666666666,-15.097399999999999,-9.256,-4.768400000000001,B,ohp,heavy,32
-0.421,0.97,-0.28350000000000003,-49.7682,-19.7806,14.914600000000002,B,ohp,heavy,32
-0.313,0.9843333333333333,-0.16166666666666665,-41.4632,-20.7074,25.622000000000003,B,ohp,heavy,32
-0.311,1.387,-0.096,25.0122,27.2438,-11.158600000000002,B,ohp,heavy,32
-0.355,1.0656666666666668,-0.21233333333333335,80.2562,31.2438,-22.9754,B,ohp,heavy,32
-0.33499999999999996,0.8385,-0.405,8.6462,-15.866,-18.8782,B,ohp,heavy,32
-0.33266666666666667,0.7003333333333334,-0.371,-22.2196,8.9146,9.621799999999999,B,ohp,heavy,32
-0.34099999999999997,0.81,-0.2925,-31.805,-3.7438000000000002,15.5732,B,ohp,heavy,32
-0.29000000000000004,0.8643333333333333,-0.17733333333333334,-40.878,-29.731600000000004,44.6218,B,ohp,heavy,32
-0.1335,0.6575,-0.1325,17.0854,0.17059999999999995,7.366,B,ohp,heavy,32
-0.16866666666666666,0.9963333333333333,-0.14133333333333334,-9.073,-6.4756,-6.0488,B,ohp,heavy,32
-0.096,0.469,-0.082,60.70739999999999,12.7684,-43.5004,B,ohp,heavy,32
-0.37433333333333335,0.9213333333333332,-0.3453333333333333,30.975600000000004,-4.207599999999999,-1.8536000000000001,B,ohp,heavy,32
-0.3575,0.8895,-0.3755,-12.0122,-10.756,-14.4024,B,ohp,heavy,32
-0.428,0.8686666666666666,-0.3196666666666667,-9.6098,-21.9148,3.878,B,ohp,heavy,32
-0.489,0.9635,-0.3115,-40.1466,-5.670800000000001,14.0732,B,ohp,heavy,32
-0.355,0.9129999999999999,-0.15066666666666667,-25.1218,-10.2438,25.549,B,ohp,heavy,32
-0.2855,1.044,-0.0595,-11.817,-16.2076,9.7804,B,ohp,heavy,32
-0.3866666666666667,1.2366666666666666,-0.10733333333333334,65.86580000000001,48.0976,-26.6584,B,ohp,heavy,32
-0.377,0.9075,-0.2695,43.2074,12.829399999999998,-15.207400000000002,B,ohp,heavy,32
-0.36200000000000004,0.806,-0.39399999999999996,4.378,-13.0856,-0.6341999999999999,B,ohp,heavy,32
-0.3685,0.8335,-0.4535,-31.6952,-8.305,19.3292,B,ohp,heavy,32
-0.251,0.7283333333333334,-0.21266666666666667,-66.866,5.2802,36.7438,B,ohp,heavy,32
-0.16249999999999998,0.6965,-0.137,15.122,-8.9148,9.5974,B,ohp,heavy,32
-0.17700000000000002,0.9706666666666667,-0.128,4.2318,-4.5244,5.6096,B,ohp,heavy,32
-0.16599999999999998,0.9635,-0.16849999999999998,2.2684,-6.5489999999999995,-16.3416,B,ohp,heavy,32
-0.16066666666666665,0.5933333333333334,-0.145,49.24399999999999,9.1586,-32.0732,B,ohp,heavy,32
-0.39649999999999996,0.9475,-0.3505,30.4758,-1.6219999999999999,-12.816999999999998,B,ohp,heavy,32
-0.36866666666666664,0.8663333333333334,-0.43133333333333335,6.0242,-0.2559999999999998,0.5241999999999998,B,ohp,heavy,32
-0.38,0.8035000000000001,-0.41800000000000004,-17.6218,-11.6952,8.0242,B,ohp,heavy,32
-0.4023333333333334,0.9500000000000001,-0.31766666666666665,-40.8658,-4.2196,8.7804,B,ohp,heavy,32
-0.3315,0.9655,-0.22150000000000003,-36.1584,-12.573,18.0244,B,ohp,heavy,32
-0.264,0.9446666666666665,-0.08533333333333333,-13.756,-18.9144,15.756200000000002,B,ohp,heavy,32
-0.29000000000000004,1.2435,-0.075,4.805,8.7072,-8.9268,B,ohp,heavy,32
-0.335,1.0846666666666667,-0.12366666666666666,75.6586,29.8904,-16.7686,B,ohp,heavy,32
-0.33699999999999997,0.868,-0.3125,23.0122,-11.2438,-20.5366,B,ohp,heavy,32
-0.3713333333333333,0.8086666666666668,-0.3866666666666667,10.4268,-4.6342,-3.7926,B,ohp,heavy,32
-0.401,0.774,-0.3235,-7.0732,5.219600000000001,6.1706,B,ohp,heavy,32
-0.35766666666666663,0.8406666666666666,-0.39799999999999996,-24.0366,-17.9756,29.280399999999997,B,ohp,heavy,32
-0.20900000000000002,0.8280000000000001,-0.159,-83.7074,24.1708,25.4514,B,ohp,heavy,32
-0.17166666666666666,0.8109999999999999,-0.13366666666666668,31.7318,-5.4148,1.3050000000000002,B,ohp,heavy,32
-0.21350000000000002,0.911,-0.158,9.7928,-7.6342,12.0488,B,ohp,heavy,32
-0.15433333333333332,0.9580000000000001,-0.16733333333333333,-11.3416,-6.658799999999999,-4.0366,B,ohp,heavy,32
-0.183,0.9515,-0.1345,0.30500000000000005,-11.2318,-13.4268,B,ohp,heavy,32
-0.21133333333333335,0.7953333333333333,-0.11966666666666666,27.439,13.804599999999999,-18.061,B,ohp,heavy,32
-0.2715,0.7150000000000001,-0.1415,6.5366,15.3416,-44.683,B,ohp,heavy,32
-0.3893333333333333,0.7983333333333333,-0.284,31.1466,1.1342,7.2926,B,ohp,heavy,32
-0.4245,0.897,-0.32,-18.7928,-13.1464,11.9636,B,ohp,heavy,32
-0.41533333333333333,0.9596666666666667,-0.22866666666666666,-43.561,-18.8538,11.633799999999999,B,ohp,heavy,32
-0.372,1.0154999999999998,-0.036500000000000005,-45.0366,-23.8778,20.134,B,ohp,heavy,32
-0.29433333333333334,1.0336666666666667,0.055,-20.9024,-18.512,14.548600000000002,B,ohp,heavy,32
-0.3285,1.2919999999999998,0.128,34.68300000000001,23.195,-8.622,B,ohp,heavy,32
-0.3396666666666666,0.9550000000000001,-0.0046666666666666705,78.9144,-11.207199999999998,-31.317,B,ohp,heavy,32
-0.347,0.855,-0.22249999999999998,28.244,12.134,-23.7804,B,ohp,heavy,32
-0.4693333333333333,0.8146666666666667,-0.32066666666666666,11.561,1.366,0.18300000000000008,B,ohp,heavy,32
-0.472,0.8185,-0.3535,-25.5366,0.8904,0.9998000000000002,B,ohp,heavy,32
-0.40066666666666667,0.8146666666666667,-0.2806666666666667,-31.6342,15.231799999999998,22.1464,B,ohp,heavy,32
-0.3195,0.753,-0.179,1.5974000000000004,-13.3536,33.4268,B,ohp,heavy,32
-0.247,0.8266666666666667,-0.12333333333333334,-33.4754,-4.0122,15.609800000000002,B,ohp,heavy,32
-0.159,0.9235,-0.1815,16.2806,-0.5001999999999996,-3.2075999999999993,B,ohp,heavy,32
-0.238,0.8726666666666666,-0.16333333333333333,15.341399999999998,1.0853999999999997,-6.8904,B,ohp,heavy,32
-0.1915,0.6475,-0.1765,45.7926,3.9266000000000005,-17.6464,B,ohp,heavy,32
-0.30866666666666664,0.8109999999999999,-0.32966666666666666,18.9634,3.0608000000000004,-5.4024,B,ohp,heavy,32
-0.3095,0.868,-0.381,-14.316999999999998,1.7680000000000007,4.805,B,ohp,heavy,32
-0.304,0.9420000000000001,-0.34099999999999997,-15.0976,-7.1584,29.8536,B,ohp,heavy,32
-0.244,1.0735000000000001,-0.3045,-40.134,-16.366,35.9146,B,ohp,heavy,32
-0.12366666666666666,1.0676666666666665,-0.2173333333333333,-6.2074,-32.817,13.4876,B,ohp,heavy,32
-0.0865,0.9774999999999999,-0.0495,-21.138,-8.150333333333334,0.1423333333333332,B,ohp,heavy,32
-0.136,0.986,-0.053,-4.29875,-0.7317499999999999,0.21350000000000002,B,ohp,heavy,33
-0.16499999999999998,0.956,-0.006999999999999999,-13.890199999999998,4.0611999999999995,-2.195,B,ohp,heavy,33
-0.157,0.9443333333333334,0.011666666666666667,3.317,-9.512,2.7439999999999998,B,ohp,heavy,33
-0.1555,0.8480000000000001,0.001,6.1952,-2.768,4.3536,B,ohp,heavy,33
-0.20366666666666666,1.3780000000000001,0.051333333333333335,4.3904,2.817,-8.1952,B,ohp,heavy,33
-0.31,1.1155,-0.1245,75.76820000000001,26.9878,-57.7684,B,ohp,heavy,33
-0.2823333333333333,0.765,-0.246,6.2804,7.2438,-3.9756,B,ohp,heavy,33
-0.3245,0.8714999999999999,-0.33399999999999996,-41.2562,-4.7806,6.817,B,ohp,heavy,33
-0.251,0.7833333333333333,-0.103,-73.5854,-7.2072,37.1342,B,ohp,heavy,33
-0.176,0.6905,0.011000000000000003,14.6708,-12.1096,24.4756,B,ohp,heavy,33
-0.13499999999999998,0.9733333333333333,0.040333333333333325,-10.6832,1.6705999999999996,-1.6585999999999999,B,ohp,heavy,33
-0.1345,0.9584999999999999,0.08499999999999999,9.7196,-2.244,5.561,B,ohp,heavy,33
-0.158,0.956,0.08366666666666667,6.0122,-2.1828,1.6585999999999999,B,ohp,heavy,33
-0.1365,0.956,0.035500000000000004,9.8782,-4.2804,2.6952000000000003,B,ohp,heavy,33
-0.12866666666666668,0.9249999999999999,-0.011666666666666665,13.231799999999998,-11.1342,-9.5732,B,ohp,heavy,33
-0.10500000000000001,0.6495,-0.08750000000000001,49.1098,16.7682,-24.0854,B,ohp,heavy,33
-0.237,0.9206666666666666,-0.242,35.573,-1.9878,-6.7684,B,ohp,heavy,33
-0.2225,0.8325,-0.35250000000000004,8.7196,-4.683,-5.7194,B,ohp,heavy,33
-0.30466666666666664,0.8983333333333334,-0.3363333333333333,-4.9878,-5.195,2.6950000000000003,B,ohp,heavy,33
-0.28600000000000003,0.9555,-0.28600000000000003,-40.0976,-10.378,6.2928,B,ohp,heavy,33
-0.27799999999999997,1.0173333333333332,-0.19533333333333333,-44.0854,-12.549,22.195,B,ohp,heavy,33
-0.2125,1.0594999999999999,0.0055,-7.5001999999999995,-12.6828,13.3416,B,ohp,heavy,33
-0.23466666666666666,1.3163333333333334,-0.11466666666666665,68.46340000000001,20.939,-28.9026,B,ohp,heavy,33
-0.294,0.9470000000000001,-0.27149999999999996,29.195,4.061,-26.4392,B,ohp,heavy,33
-0.32466666666666666,0.7986666666666666,-0.2816666666666667,-21.2316,-12.7316,-8.6828,B,ohp,heavy,33
-0.32,0.8260000000000001,-0.2215,-31.5002,17.2072,15.3656,B,ohp,heavy,33
-0.297,0.8443333333333333,-0.12633333333333333,-32.5974,-12.7928,19.9268,B,ohp,heavy,33
-0.1865,0.89,0.014499999999999999,-17.9024,-15.817000000000002,46.3658,B,ohp,heavy,33
-0.085,0.8493333333333334,-0.03,18.6706,-3.2682,3.4024,B,ohp,heavy,33
-0.068,0.9675,-0.056499999999999995,-1.1341999999999999,-4.158399999999999,-0.1342,B,ohp,heavy,33
-0.09100000000000001,0.985,-0.02,-0.8902000000000001,-1.2684000000000002,0.3658,B,ohp,heavy,33
-0.079,0.963,-0.011,-1.0612,-1.2562000000000002,-0.5363999999999998,B,ohp,heavy,33
-0.10533333333333333,0.9503333333333334,-0.009,-2.8294,-2.5976,-6.8902,B,ohp,heavy,33
-0.112,1.0194999999999999,-0.0004999999999999996,11.3414,-5.6098,7.4632000000000005,B,ohp,heavy,33
-0.10666666666666667,0.9273333333333333,-0.04533333333333334,-8.9636,-11.9144,-14.2804,B,ohp,heavy,33
-0.14150000000000001,0.73,0.0,42.2804,9.4024,-24.0244,B,ohp,heavy,33
-0.22266666666666668,0.842,-0.16466666666666666,27.6218,8.7562,-20.878,B,ohp,heavy,33
-0.266,0.9065000000000001,-0.27849999999999997,16.939,-11.5366,-9.2562,B,ohp,heavy,33
-0.35333333333333333,0.9216666666666667,-0.2743333333333333,7.9512,3.9146,-4.4512,B,ohp,heavy,33
-0.374,0.9325,-0.3045,-7.3172,-3.9510000000000005,-2.8049999999999997,B,ohp,heavy,33
-0.34800000000000003,0.8846666666666666,-0.26,-37.683,-9.3296,4.4634,B,ohp,heavy,33
-0.361,1.049,-0.195,-21.695,-10.244,30.3294,B,ohp,heavy,33
-0.23066666666666666,0.9276666666666668,-0.04966666666666667,-21.3782,-11.5002,14.7928,B,ohp,heavy,33
-0.1845,1.011,0.026,-11.7074,-11.805,10.8414,B,ohp,heavy,33
-0.2376666666666667,1.2673333333333334,-0.005,60.80460000000001,23.3902,-21.8782,B,ohp,heavy,33
-0.3025,0.976,-0.235,57.62179999999999,16.3292,-34.9514,B,ohp,heavy,33
-0.324,0.8313333333333333,-0.3486666666666667,4.122,-11.8416,-9.7076,B,ohp,heavy,33
-0.3695,0.8085,-0.384,-26.9146,0.4756,12.3416,B,ohp,heavy,33
-0.3113333333333333,0.8763333333333333,-0.21933333333333335,-47.2316,-14.768200000000002,27.6462,B,ohp,heavy,33
-0.16799999999999998,0.739,-0.0325,-28.5854,-10.317,40.4026,B,ohp,heavy,33
-0.10666666666666667,0.8889999999999999,-0.038,7.9392,-1.4758,-1.2439999999999993,B,ohp,heavy,33
-0.1145,0.887,-0.053500000000000006,6.756,-9.524600000000001,-7.7318,B,ohp,heavy,33
-0.11199999999999999,0.6589999999999999,-0.08066666666666666,55.4024,15.0,-32.6096,B,ohp,heavy,33
-0.33199999999999996,0.9545,-0.2175,26.9634,-7.1828,-23.5976,B,ohp,heavy,33
-0.33499999999999996,0.8623333333333333,-0.291,4.3902,-12.2316,-5.256,B,ohp,heavy,33
-0.4385,0.8875,-0.248,-18.11,-1.1584,-14.353399999999999,B,ohp,heavy,33
-0.455,0.983,-0.25733333333333336,-38.622,-18.4634,34.0974,B,ohp,heavy,33
-0.33799999999999997,1.009,-0.07250000000000001,-17.439,-10.2194,34.5974,B,ohp,heavy,33
-0.26366666666666666,1.2163333333333333,-0.09000000000000001,16.4878,17.1462,-5.6954,B,ohp,heavy,33
-0.3305,1.1044999999999998,-0.20800000000000002,51.5732,14.963399999999998,-25.0368,B,ohp,heavy,33
-0.30266666666666664,0.8300000000000001,-0.25533333333333336,10.4388,9.317,-20.9514,B,ohp,heavy,33
-0.33,0.795,-0.326,11.7438,2.9146000000000005,5.3904000000000005,B,ohp,heavy,33
-0.34933333333333333,0.8626666666666667,-0.35366666666666663,-24.3414,-4.0366,4.0366,B,ohp,heavy,33
-0.317,0.883,-0.24100000000000002,-40.317,-22.5854,21.939,B,ohp,heavy,33
-0.20299999999999999,0.7559999999999999,-0.11466666666666665,-21.5612,-11.3778,38.439,B,ohp,heavy,33
-0.134,0.883,-0.057499999999999996,-2.8533999999999997,13.694999999999999,1.4388,B,ohp,heavy,33
-0.14933333333333332,0.976,-0.04833333333333333,3.2682,-4.073,3.4512,B,ohp,heavy,33
-0.136,0.9864999999999999,-0.0615,6.5245999999999995,-4.2194,2.3902,B,ohp,heavy,33
-0.13566666666666669,0.9620000000000001,-0.06066666666666667,1.6828000000000003,-0.7928000000000001,1.4756,B,ohp,heavy,33
-0.129,0.952,-0.0405,-2.7561999999999998,10.4754,-9.0488,B,ohp,heavy,33
-0.14733333333333334,0.7383333333333333,-0.137,46.3902,-9.2072,-16.5852,B,ohp,heavy,33
-0.20450000000000002,0.8365,-0.16749999999999998,18.5978,17.7074,-27.256,B,ohp,heavy,33
-0.29933333333333334,0.8796666666666667,-0.329,33.5976,-17.0978,-3.5119999999999996,B,ohp,heavy,33
-0.373,0.8805000000000001,-0.35550000000000004,3.0486000000000004,4.7318,7.6584,B,ohp,heavy,33
-0.30133333333333334,0.899,-0.37399999999999994,-31.219600000000003,-13.5244,17.8294,B,ohp,heavy,33
-0.2855,1.0155,-0.249,-56.988,-19.5486,20.6342,B,ohp,heavy,33
-0.19666666666666666,1.0306666666666666,-0.04733333333333334,-31.7438,-20.8414,13.487799999999998,B,ohp,heavy,33
-0.21,1.341,0.024499999999999997,36.6828,23.866,-15.341399999999998,B,ohp,heavy,33
-0.248,1.032,-0.13533333333333333,54.1586,13.7072,-38.4268,B,ohp,heavy,33
-0.32799999999999996,0.8285,-0.27949999999999997,27.5366,6.244,-9.5852,B,ohp,heavy,33
-0.3383333333333333,0.8079999999999999,-0.34099999999999997,-1.1827999999999999,2.3169999999999997,-6.756,B,ohp,heavy,33
-0.374,0.8325,-0.38649999999999995,-20.256,-7.4024,5.816800000000001,B,ohp,heavy,33
-0.34099999999999997,0.8993333333333333,-0.27033333333333337,-40.6344,-14.634,20.0854,B,ohp,heavy,33
-0.20800000000000002,0.8534999999999999,-0.0765,-37.1952,-0.1828000000000003,57.15840000000001,B,ohp,heavy,33
-0.11866666666666666,0.7703333333333333,-0.07033333333333333,-0.3171999999999997,1.4634,-7.451400000000001,B,ohp,heavy,33
-0.199,1.002,0.028999999999999998,16.1584,-10.3414,-5.9512,B,ohp,heavy,33
-0.15966666666666665,0.742,-0.07533333333333332,26.8902,-0.5243999999999998,-31.512,B,ohp,heavy,33
-0.208,0.757,-0.2105,37.3414,8.0244,-16.6218,B,ohp,heavy,33
-0.29733333333333334,0.875,-0.25633333333333336,20.5,-0.2927999999999997,-0.8903999999999996,B,ohp,heavy,33
-0.4225,0.961,-0.27549999999999997,-28.0,-13.744,6.1586,B,ohp,heavy,33
-0.33433333333333337,1.0116666666666667,-0.20166666666666666,-48.8536,-20.6096,33.4756,B,ohp,heavy,33
-0.16749999999999998,1.1095000000000002,-0.105,-13.402600000000001,-6.7806000000000015,36.6586,B,ohp,heavy,33
-0.10233333333333333,1.0296666666666667,-0.027333333333333334,-1.134,-3.8903999999999996,3.646,B,ohp,heavy,33
-0.095,0.988,-0.017,3.567,-1.7985,10.5185,B,ohp,heavy,33
-0.101,1.056,0.107,-2.6708,-7.256,8.8416,B,ohp,heavy,34
-0.132,1.2665,0.0785,33.41459999999999,13.0976,-29.280399999999997,B,ohp,heavy,34
-0.2836666666666667,1.1263333333333334,-0.08133333333333333,61.9634,35.378,-49.4146,B,ohp,heavy,34
-0.2995,0.757,-0.1825,2.3657999999999997,3.683,-10.817,B,ohp,heavy,34
-0.31033333333333335,0.7286666666666667,-0.25966666666666666,1.9634,5.707599999999999,-2.2682,B,ohp,heavy,34
-0.369,0.919,-0.2425,-17.1948,5.1342,13.4756,B,ohp,heavy,34
-0.2833333333333333,0.898,-0.20199999999999999,-26.256,-20.0732,37.4878,B,ohp,heavy,34
-0.1865,0.772,-0.037500000000000006,-30.6344,43.9756,32.683,B,ohp,heavy,34
-0.06899999999999999,0.952,-0.09000000000000001,10.0612,-30.7318,7.4879999999999995,B,ohp,heavy,34
-0.0815,0.913,-0.11050000000000001,0.2562000000000003,-15.744,-15.012200000000002,B,ohp,heavy,34
-0.081,0.757,-0.08533333333333333,35.5732,6.5976,-21.817,B,ohp,heavy,34
-0.2065,0.947,-0.268,38.1582,-16.744,-18.8048,B,ohp,heavy,34
-0.25566666666666665,0.8583333333333334,-0.26866666666666666,14.2924,-2.5001999999999995,-10.134,B,ohp,heavy,34
-0.3285,0.8734999999999999,-0.3065,-5.7684,-9.9024,-2.5976,B,ohp,heavy,34
-0.3566666666666667,0.9373333333333332,-0.25666666666666665,-21.6584,-10.378,14.073000000000002,B,ohp,heavy,34
-0.3145,1.0154999999999998,-0.21000000000000002,-36.756,-6.6464,23.3292,B,ohp,heavy,34
-0.28200000000000003,1.2443333333333333,-0.16166666666666665,18.4756,9.012,-3.4512,B,ohp,heavy,34
-0.322,1.2374999999999998,-0.3315,81.4024,20.1586,-34.9514,B,ohp,heavy,34
-0.3383333333333334,0.8196666666666667,-0.411,-2.7074,-5.0732,-15.438999999999998,B,ohp,heavy,34
-0.34850000000000003,0.775,-0.374,-40.744,-16.0244,21.0488,B,ohp,heavy,34
-0.23666666666666666,0.6786666666666666,-0.18300000000000002,-58.743599999999994,-0.8414000000000001,49.4636,B,ohp,heavy,34
-0.14350000000000002,0.731,-0.16,3.4147999999999996,-0.7805999999999994,1.4024,B,ohp,heavy,34
-0.15166666666666664,0.7026666666666667,-0.124,42.5,-9.792600000000002,-29.243600000000004,B,ohp,heavy,34
-0.232,0.802,-0.291,38.573,3.061,-18.0122,B,ohp,heavy,34
-0.33899999999999997,0.8923333333333333,-0.28800000000000003,-14.8168,-7.1464,4.365799999999999,B,ohp,heavy,34
-0.344,0.979,-0.2455,-44.2928,-12.7318,11.878,B,ohp,heavy,34
-0.318,1.1196666666666666,-0.08933333333333333,-53.41459999999999,-25.622000000000003,29.3904,B,ohp,heavy,34
-0.28700000000000003,1.4805,0.0395,71.7804,29.9632,-24.439,B,ohp,heavy,34
-0.34,1.0223333333333333,-0.27399999999999997,64.7074,-1.1098,-33.9514,B,ohp,heavy,34
-0.3665,0.769,-0.3755,-11.7316,-4.0,-2.671,B,ohp,heavy,34
-0.35533333333333333,0.7883333333333334,-0.317,-39.7074,-4.0122,19.9268,B,ohp,heavy,34
-0.24,0.764,-0.1345,-59.061,5.7926,43.561,B,ohp,heavy,34
-0.14733333333333334,0.6513333333333334,-0.104,19.2804,-10.5368,-17.3536,B,ohp,heavy,34
-0.182,0.5965,-0.134,61.3658,9.561,-39.0488,B,ohp,heavy,34
-0.3913333333333333,0.8969999999999999,-0.32466666666666666,19.5124,-1.8414000000000001,-2.8416,B,ohp,heavy,34
-0.3875,0.782,-0.316,-8.195,-5.976000000000001,2.9146,B,ohp,heavy,34
-0.43366666666666664,0.9710000000000001,-0.273,-47.39,-19.439,27.7682,B,ohp,heavy,34
-0.27549999999999997,1.028,-0.11449999999999999,-42.5852,-14.4268,27.5,B,ohp,heavy,34
-0.3496666666666666,1.3499999999999999,-0.068,39.5122,24.8294,-19.683,B,ohp,heavy,34
-0.35050000000000003,0.962,-0.169,67.512,21.5244,-17.4878,B,ohp,heavy,34
-0.332,0.8513333333333333,-0.37766666666666665,5.7562,-14.121800000000002,-8.4514,B,ohp,heavy,34
-0.32,0.815,-0.3625,-12.6708,-5.4024,10.244,B,ohp,heavy,34
-0.30433333333333334,0.8633333333333333,-0.30666666666666664,-63.78060000000001,-7.0976,35.6096,B,ohp,heavy,34
-0.135,0.5589999999999999,-0.1565,-19.061,-1.7560000000000002,19.0612,B,ohp,heavy,34
-0.18433333333333332,0.8856666666666667,-0.03933333333333333,1.5852000000000004,-12.792599999999998,-15.1096,B,ohp,heavy,34
-0.1275,0.4935,-0.087,67.7804,22.9392,-38.5976,B,ohp,heavy,34
-0.353,0.88,-0.3213333333333333,20.366,-8.4632,-9.354,B,ohp,heavy,34
-0.398,0.8745,-0.265,-29.695,-6.6584,6.4392,B,ohp,heavy,34
-0.4003333333333334,1.0163333333333333,-0.20866666666666667,-47.695,-18.7318,22.9514,B,ohp,heavy,34
-0.3345,1.0655000000000001,-0.046,-30.8536,-19.7928,15.5364,B,ohp,heavy,34
-0.34400000000000003,1.3310000000000002,-0.042333333333333334,66.5732,43.4268,-25.0242,B,ohp,heavy,34
-0.3665,0.9099999999999999,-0.2225,42.4636,7.878,-12.1098,B,ohp,heavy,34
-0.3363333333333333,0.818,-0.33433333333333337,14.2804,-0.41480000000000034,-1.9512,B,ohp,heavy,34
-0.35550000000000004,0.8135,-0.357,-10.3536,-19.2198,-0.024399999999999977,B,ohp,heavy,34
-0.35533333333333333,0.875,-0.3136666666666667,-36.329,-5.694999999999999,32.1584,B,ohp,heavy,34
-0.191,0.7235,-0.14200000000000002,-32.756,-8.7196,48.7562,B,ohp,heavy,34
-0.13166666666666668,0.8413333333333334,-0.13833333333333334,-5.4148,6.561,-3.5366,B,ohp,heavy,34
-0.1335,0.9485,-0.0605,-2.1708000000000003,-1.561,-0.09760000000000009,B,ohp,heavy,34
-0.149,0.9606666666666666,-0.06,4.244,-0.4145999999999999,0.8413999999999999,B,ohp,heavy,34
-0.122,0.944,-0.0605,-1.7317999999999998,-9.6708,-8.9756,B,ohp,heavy,34
-0.11133333333333334,0.634,-0.11233333333333334,53.9756,16.0,-32.634,B,ohp,heavy,34
-0.3025,0.8514999999999999,-0.2525,43.0,-2.6098,-9.9998,B,ohp,heavy,34
-0.30433333333333334,0.9366666666666666,-0.38599999999999995,5.8536,1.7561999999999998,12.5976,B,ohp,heavy,34
-0.261,0.9355,-0.36,-34.2438,-19.7318,28.2438,B,ohp,heavy,34
-0.22666666666666668,1.1139999999999999,-0.30866666666666664,-31.3902,-21.561,26.3658,B,ohp,heavy,34
-0.1545,1.0350000000000001,-0.18,-4.646199999999999,-1.5854,11.5,B,ohp,heavy,34
-0.07733333333333332,0.959,-0.15266666666666667,-7.7562,-9.5244,-8.256,B,ohp,heavy,34
-0.118,0.9684999999999999,0.0345,-2.5,-2.9269999999999996,1.427,B,ohp,medium,35
-0.103,0.9444999999999999,0.0495,2.0488,-3.0488,2.8292,B,ohp,medium,35
-0.10333333333333333,1.0216666666666667,0.04833333333333333,-3.2318,-5.7682,-4.304600000000001,B,ohp,medium,35
-0.22999999999999998,1.5095,-0.0535,99.9512,45.2682,-53.1828,B,ohp,medium,35
-0.316,0.9129999999999999,-0.2816666666666667,-0.09759999999999991,-19.0852,-25.817,B,ohp,medium,35
-0.29700000000000004,0.6935,-0.23099999999999998,-32.305,5.6708,3.9391999999999996,B,ohp,medium,35
-0.321,0.8436666666666667,-0.11633333333333333,-42.5242,4.8048,28.524400000000004,B,ohp,medium,35
-0.16999999999999998,0.6819999999999999,-0.08449999999999999,-18.0368,27.8902,41.0364,B,ohp,medium,35
-0.12166666666666666,0.9409999999999998,-0.054,10.475399999999999,-28.4266,-4.1094,B,ohp,medium,35
-0.10200000000000001,0.5585,-0.08,43.8416,-6.0,-40.0,B,ohp,medium,35
-0.24466666666666667,0.7806666666666667,-0.20433333333333334,37.2684,9.6952,-22.073,B,ohp,medium,35
-0.378,0.908,-0.275,-2.8049999999999997,-17.6342,1.9512,B,ohp,medium,35
-0.3946666666666667,0.9543333333333334,-0.19066666666666665,-63.75599999999999,-22.1098,25.3904,B,ohp,medium,35
-0.34950000000000003,1.221,0.046000000000000006,-36.1584,-24.4268,17.1462,B,ohp,medium,35
-0.38199999999999995,1.4799999999999998,-0.05933333333333333,101.9758,45.6954,-25.1708,B,ohp,medium,35
-0.369,0.917,-0.2555,6.7194,1.9024,-11.0608,B,ohp,medium,35
-0.222,0.7176666666666667,-0.22,-60.39,-7.5854,37.3902,B,ohp,medium,35
-0.048,-0.032,-0.1175,50.1218,6.1828,-28.975599999999996,B,ohp,medium,35
-0.296,0.836,-0.25766666666666665,11.6952,-6.0612,-2.2804,B,ohp,medium,35
-0.36850000000000005,1.016,-0.226,-47.5122,-14.536599999999998,14.878199999999998,B,ohp,medium,35
-0.2803333333333333,1.127,-0.10666666666666667,-28.427,-27.1344,34.6098,B,ohp,medium,35
-0.3275,1.6205,-0.16399999999999998,72.7316,31.8048,-25.1342,B,ohp,medium,35
-0.373,1.0756666666666665,-0.3406666666666667,39.9268,-14.792599999999998,-44.366,B,ohp,medium,35
-0.349,0.7645,-0.3455,-44.8052,-10.6098,24.1342,B,ohp,medium,35
-0.18699999999999997,0.5773333333333334,-0.13399999999999998,-72.5976,-7.4026,44.744,B,ohp,medium,35
-0.1285,0.405,-0.1185,60.2682,18.5368,-39.9998,B,ohp,medium,35
-0.255,0.7253333333333334,-0.222,50.5244,16.0486,-6.0488,B,ohp,medium,35
-0.3985,0.9139999999999999,-0.3,-25.1464,-12.122,9.7928,B,ohp,medium,35
-0.34400000000000003,1.07,-0.18833333333333332,-68.5732,-38.866,51.75599999999999,B,ohp,medium,35
-0.281,1.588,-0.056,23.939,14.182999999999998,-9.2074,B,ohp,medium,35
-0.27666666666666667,1.1693333333333333,-0.21133333333333335,69.0122,25.634000000000004,-38.317,B,ohp,medium,35
-0.2885,0.8554999999999999,-0.2965,-2.4878,0.048800000000000045,-15.487799999999998,B,ohp,medium,35
-0.303,0.816,-0.291,-51.4514,-20.0,25.4024,B,ohp,medium,35
-0.1345,0.565,-0.1345,-30.0854,-11.1342,30.439,B,ohp,medium,35
-0.15233333333333332,0.5136666666666666,-0.10333333333333333,49.1342,13.256,-46.195,B,ohp,medium,35
-0.28750000000000003,0.769,-0.21150000000000002,16.5364,-10.1586,-16.0364,B,ohp,medium,35
-0.40599999999999997,0.9369999999999999,-0.16233333333333333,-48.15840000000001,-15.890199999999998,22.0488,B,ohp,medium,35
-0.3685,1.186,-0.002999999999999999,-58.6462,-27.7806,44.9758,B,ohp,medium,35
-0.309,1.4880000000000002,0.12233333333333334,56.6828,8.7196,-28.1952,B,ohp,medium,35
-0.3855,1.01,-0.121,72.9148,26.744,-36.5364,B,ohp,medium,35
-0.39666666666666667,0.863,-0.2793333333333333,-11.2684,3.378,-0.31700000000000017,B,ohp,medium,35
-0.3415,0.8454999999999999,-0.2535,-59.01219999999999,-36.8902,38.0854,B,ohp,medium,35
-0.14866666666666664,0.5756666666666667,-0.074,-10.256,17.1464,32.0974,B,ohp,medium,35
-0.1895,0.9755,0.005,17.7316,-3.1222,2.5732,B,ohp,medium,35
-0.13,0.7783333333333333,-0.12666666666666668,34.0244,-5.9146,-22.3294,B,ohp,medium,35
-0.155,0.5875,-0.2275,56.80500000000001,22.6584,-26.2926,B,ohp,medium,35
-0.3626666666666667,0.8776666666666667,-0.37566666666666665,-12.866199999999997,-20.7438,-16.3048,B,ohp,medium,35
-0.348,0.8654999999999999,-0.233,-45.2558,-4.439,30.4512,B,ohp,medium,35
-0.3423333333333334,1.1233333333333333,-0.166,-64.6464,-35.6464,36.9998,B,ohp,medium,35
-0.241,1.471,0.069,30.7926,12.5366,-9.6828,B,ohp,medium,35
-0.25833333333333336,1.123,-0.10099999999999999,59.31700000000001,23.5124,-27.389999999999997,B,ohp,medium,35
-0.28,0.8220000000000001,-0.237,7.2438,13.609800000000002,-12.2072,B,ohp,medium,35
-0.2946666666666667,0.878,-0.308,-18.805,-8.4024,6.5364,B,ohp,medium,35
-0.255,0.8305,-0.135,-50.878,-10.5122,15.463400000000002,B,ohp,medium,35
-0.17833333333333332,0.6086666666666667,-0.11066666666666668,25.439,-7.390000000000001,1.6828000000000003,B,ohp,medium,35
-0.1695,0.5135000000000001,-0.0785,55.7438,-1.061,-23.3656,B,ohp,medium,35
-0.3263333333333333,0.9199999999999999,-0.28800000000000003,3.3171999999999997,-7.8536,-11.8294,B,ohp,medium,35
-0.41500000000000004,0.925,-0.27249999999999996,-32.7318,-12.829399999999998,0.2073999999999998,B,ohp,medium,35
-0.399,0.9933333333333332,-0.128,-50.012,-22.0364,35.5974,B,ohp,medium,35
-0.312,1.2135,0.0024999999999999996,-5.487800000000002,-11.6342,22.6344,B,ohp,medium,35
-0.3373333333333333,1.404,-0.125,98.0608,33.5366,-33.1584,B,ohp,medium,35
-0.305,0.8280000000000001,-0.228,-16.8048,19.7072,-38.8048,B,ohp,medium,35
-0.312,0.715,-0.26266666666666666,-11.6586,0.5244000000000001,5.5366,B,ohp,medium,35
-0.388,0.9395,-0.2365,-35.3904,-33.9148,36.4026,B,ohp,medium,35
-0.17400000000000002,0.618,-0.09033333333333333,-14.5976,6.1096,27.0608,B,ohp,medium,35
-0.1845,1.0619999999999998,-0.0335,11.622200000000001,-3.6952,-0.5488,B,ohp,medium,35
-0.17800000000000002,0.9416666666666668,-0.09933333333333334,6.4756,0.0852000000000002,5.0734,B,ohp,medium,35
-0.1665,0.8655,-0.128,9.439,-11.5974,-12.2682,B,ohp,medium,35
-0.19099999999999998,0.6056666666666667,-0.15333333333333332,26.8658,20.0366,-47.9512,B,ohp,medium,35
-0.347,0.8959999999999999,-0.2485,7.841399999999998,-2.1708000000000003,-1.8169999999999997,B,ohp,medium,35
-0.4383333333333333,0.9603333333333334,-0.20766666666666667,-20.7684,-10.3416,0.6098000000000002,B,ohp,medium,35
-0.3935,0.969,-0.143,-26.9998,-10.5732,20.3416,B,ohp,medium,35
-0.33166666666666667,1.1079999999999999,-0.07533333333333334,-22.049,-11.878,18.2562,B,ohp,medium,35
-0.43,1.504,-0.1875,80.39020000000001,26.2806,-17.2314,B,ohp,medium,35
-0.337,0.9470000000000001,-0.26866666666666666,22.5366,3.8295999999999992,-14.731799999999998,B,ohp,medium,35
-0.33799999999999997,0.774,-0.3355,-24.2926,-45.183,4.7804,B,ohp,medium,35
-0.26333333333333336,0.7386666666666667,-0.16166666666666665,-33.0124,-10.683,59.2318,B,ohp,medium,35
-0.1385,0.6014999999999999,-0.118,10.5608,9.353399999999999,11.4512,B,ohp,medium,35
-0.14333333333333334,0.9843333333333333,-0.1446666666666667,-2.2806,-3.5,-1.9388,B,ohp,medium,35
-0.13,0.623,-0.1315,2.6218000000000004,-0.10980000000000008,-50.2926,B,ohp,medium,35
-0.315,0.7656666666666666,-0.17033333333333334,50.0,13.841399999999998,-32.8536,B,ohp,medium,35
-0.401,0.831,-0.2585,1.4512,-3.4024,17.3658,B,ohp,medium,35
-0.423,0.9819999999999999,-0.22866666666666666,-50.183,-10.1342,16.2684,B,ohp,medium,35
-0.4035,1.1520000000000001,-0.106,-38.3782,-16.8172,15.5244,B,ohp,medium,35
-0.451,1.4013333333333333,-0.16666666666666666,100.01199999999999,39.061,-26.2194,B,ohp,medium,35
-0.3865,0.872,-0.365,25.5124,-13.1828,-4.048800000000001,B,ohp,medium,35
-0.395,0.775,-0.35233333333333333,-40.2438,-18.2318,7.0854,B,ohp,medium,35
-0.2675,0.765,-0.1965,-63.30499999999999,-4.194800000000001,59.5364,B,ohp,medium,35
-0.12333333333333334,0.6423333333333333,-0.09266666666666667,15.512,7.5854,16.0732,B,ohp,medium,35
-0.1435,1.0510000000000002,-0.09999999999999999,-2.6342,-9.6708,6.1464,B,ohp,medium,35
-0.14300000000000002,0.957,-0.10166666666666668,2.3902,-1.2804000000000002,-2.6340000000000003,B,ohp,medium,35
-0.1335,0.8680000000000001,-0.11,3.4026000000000005,-11.9876,-22.695,B,ohp,medium,35
-0.156,0.5616666666666666,-0.13,49.817,25.122,-30.463599999999996,B,ohp,medium,35
-0.355,0.9610000000000001,-0.258,3.6586,7.634,-17.9022,B,ohp,medium,35
-0.3833333333333333,0.9423333333333334,-0.23199999999999998,-40.573,-14.426600000000002,11.7928,B,ohp,medium,35
-0.35950000000000004,1.0845,-0.1435,-60.8414,-33.7562,32.9514,B,ohp,medium,35
-0.3453333333333333,1.3796666666666668,0.08266666666666668,38.7196,4.865799999999998,-9.0244,B,ohp,medium,35
-0.33499999999999996,1.1829999999999998,-0.1875,81.1952,47.79260000000001,-20.0244,B,ohp,medium,35
-0.28099999999999997,0.762,-0.2826666666666667,-8.3658,7.3902,-12.3782,B,ohp,medium,35
-0.271,0.7224999999999999,-0.2985,3.4146,6.390000000000001,0.4878,B,ohp,medium,35
-0.322,0.9226666666666666,-0.3363333333333333,-13.0488,-29.2074,10.878,B,ohp,medium,35
-0.196,0.988,-0.239,-70.134,3.5120000000000005,86.2928,B,ohp,medium,35
-0.09333333333333332,0.38133333333333336,-0.16666666666666666,47.1832,-8.5244,-72.26820000000001,B,ohp,medium,35
-0.186,0.668,-0.24,39.9148,2.1464000000000003,-25.9146,B,ohp,medium,35
-0.349,0.8646666666666666,-0.2193333333333333,-32.4998,-17.3416,13.2684,B,ohp,medium,35
-0.455,1.339,-0.16599999999999998,-68.8902,-30.877999999999997,30.4512,B,ohp,medium,35
-0.302,1.1873333333333334,-0.021333333333333333,6.5854,-8.8412,-7.755800000000001,B,ohp,medium,35
-0.1985,0.8315,0.033,-13.3412,-18.1586,11.744,B,ohp,medium,35
-0.164,1.002,0.001,-1.22,-6.585,8.537,B,ohp,medium,35
-0.202,0.938,-0.029,-8.1464,18.756,5.9756,B,ohp,medium,36
-0.1635,0.9915,-0.097,11.122,-13.414600000000002,3.8047999999999993,B,ohp,medium,36
-0.15333333333333332,0.9170000000000001,-0.022333333333333334,-10.4634,-6.2682,7.122,B,ohp,medium,36
-0.252,1.45,-0.14650000000000002,53.25599999999999,21.4388,-40.817,B,ohp,medium,36
-0.36766666666666664,1.1146666666666667,-0.28633333333333333,44.4634,21.6706,-43.4878,B,ohp,medium,36
-0.327,0.7105,-0.29400000000000004,-28.244,-18.0244,16.805,B,ohp,medium,36
-0.24033333333333337,0.701,-0.17233333333333334,-71.8904,-27.0002,52.40219999999999,B,ohp,medium,36
-0.153,0.5455,-0.12,14.7196,2.9146,-0.21940000000000026,B,ohp,medium,36
-0.20333333333333334,1.0133333333333334,-0.02033333333333333,-15.0732,-8.5122,-8.0854,B,ohp,medium,36
-0.133,0.2735,-0.024,58.63399999999999,17.0,-56.10980000000001,B,ohp,medium,36
-0.39266666666666666,0.8956666666666666,-0.236,43.0732,2.7683999999999997,11.7194,B,ohp,medium,36
-0.441,1.0605,-0.313,-31.1464,-14.0364,11.134,B,ohp,medium,36
-0.38933333333333336,1.0646666666666667,-0.23866666666666667,-45.4148,-19.3658,30.7928,B,ohp,medium,36
-0.35650000000000004,1.443,-0.138,39.1464,34.4024,-14.6952,B,ohp,medium,36
-0.383,1.1253333333333333,-0.321,59.7316,18.7316,-19.6828,B,ohp,medium,36
-0.3325,0.776,-0.3305,-7.255799999999999,-11.8782,-8.2316,B,ohp,medium,36
-0.3106666666666667,0.735,-0.32566666666666666,-54.5732,-22.0976,26.3048,B,ohp,medium,36
-0.16899999999999998,0.5725,-0.203,-11.9148,-1.2439999999999998,35.7928,B,ohp,medium,36
-0.2253333333333333,0.9106666666666666,-0.1426666666666667,-10.5366,9.061,-5.8536,B,ohp,medium,36
-0.2165,0.934,-0.11,1.9026,-1.1219999999999999,-4.4392,B,ohp,medium,36
-0.22866666666666666,0.802,-0.11333333333333333,25.9878,-17.8658,-26.4146,B,ohp,medium,36
-0.26349999999999996,0.7075,-0.22899999999999998,43.0486,16.6216,-19.1586,B,ohp,medium,36
-0.35633333333333334,0.7923333333333332,-0.3283333333333333,13.9388,4.6344,-8.8414,B,ohp,medium,36
-0.4105,0.871,-0.389,-13.5732,-6.4512,0.5731999999999999,B,ohp,medium,36
-0.434,0.91,-0.31866666666666665,-26.1952,-5.5,18.0246,B,ohp,medium,36
-0.369,0.9935,-0.2475,-33.195,-16.7194,32.7196,B,ohp,medium,36
-0.35166666666666674,1.362,-0.29133333333333333,44.5976,20.4512,-23.6462,B,ohp,medium,36
-0.428,1.0454999999999999,-0.39149999999999996,35.4758,11.305,-32.9026,B,ohp,medium,36
-0.36766666666666664,0.7543333333333333,-0.35366666666666663,-23.5612,-12.4634,11.4878,B,ohp,medium,36
-0.3125,0.73,-0.24050000000000002,-55.2316,-23.1586,24.7316,B,ohp,medium,36
-0.206,0.681,-0.13733333333333334,-2.8656000000000006,-4.4024,39.9878,B,ohp,medium,36
-0.1865,0.95,-0.094,8.1584,-2.6096,4.3902,B,ohp,medium,36
-0.17033333333333334,0.8733333333333334,-0.15233333333333332,9.305000000000001,-7.573400000000001,-12.4634,B,ohp,medium,36
-0.20700000000000002,0.6805,-0.1765,27.817,-5.939,-44.134,B,ohp,medium,36
-0.3496666666666666,0.8109999999999999,-0.24766666666666667,34.4634,22.0366,-13.4388,B,ohp,medium,36
-0.3995,0.7975000000000001,-0.323,-4.0854,-0.817,-11.866,B,ohp,medium,36
-0.44,0.85,-0.34800000000000003,-30.317,-15.5488,13.670600000000002,B,ohp,medium,36
-0.44999999999999996,1.0099999999999998,-0.182,-46.0244,-20.8416,35.5732,B,ohp,medium,36
-0.39233333333333337,1.2903333333333333,-0.15433333333333332,14.024400000000004,-0.6951999999999998,0.06099999999999994,B,ohp,medium,36
-0.4115,1.225,-0.28300000000000003,76.7928,35.8292,-22.134,B,ohp,medium,36
-0.39599999999999996,0.8513333333333333,-0.36800000000000005,-14.109800000000002,-4.0367999999999995,-16.0976,B,ohp,medium,36
-0.3265,0.722,-0.2865,-41.6342,-20.0364,19.0122,B,ohp,medium,36
-0.22366666666666668,0.6446666666666667,-0.14333333333333334,-20.0488,-8.1342,51.3172,B,ohp,medium,36
-0.17049999999999998,0.8815,-0.151,11.7806,7.097200000000001,13.3172,B,ohp,medium,36
-0.10233333333333333,0.9346666666666666,-0.16766666666666666,3.6950000000000003,-9.939,1.049,B,ohp,medium,36
-0.1535,0.971,-0.1765,-2.5366,-4.7926,-6.2926,B,ohp,medium,36
-0.15833333333333333,0.9543333333333334,-0.15266666666666664,10.317,-10.9146,-3.6462000000000003,B,ohp,medium,36
-0.1675,0.6205,-0.14600000000000002,34.8904,-6.7562,-48.2558,B,ohp,medium,36
-0.319,0.8033333333333333,-0.3096666666666667,21.7684,27.9514,-20.5124,B,ohp,medium,36
-0.365,0.8140000000000001,-0.388,4.7804,1.6949999999999998,-4.9510000000000005,B,ohp,medium,36
-0.4083333333333334,0.8286666666666666,-0.39466666666666667,-22.1706,-15.7316,1.5852,B,ohp,medium,36
-0.4325,0.9195,-0.251,-58.9024,-18.6708,27.4632,B,ohp,medium,36
-0.43566666666666665,1.3286666666666667,-0.16766666666666666,4.1952,0.0,-3.0852000000000004,B,ohp,medium,36
-0.4745,1.1595,-0.2985,66.98780000000001,5.3902,-31.1098,B,ohp,medium,36
-0.4206666666666667,0.7923333333333332,-0.29233333333333333,-15.8292,7.890000000000001,-5.0732,B,ohp,medium,36
-0.356,0.7155,-0.2745,-16.0974,7.9754000000000005,17.7316,B,ohp,medium,36
-0.33666666666666667,0.8536666666666667,-0.216,-33.9634,-24.2318,33.0852,B,ohp,medium,36
-0.181,0.606,-0.1415,10.0732,-0.5609999999999999,20.695,B,ohp,medium,36
-0.22366666666666668,0.9510000000000001,-0.13633333333333333,5.2318,-2.0,-0.7682,B,ohp,medium,36
-0.22549999999999998,0.8405,-0.1855,5.5854,-6.329000000000001,-22.061,B,ohp,medium,36
-0.2833333333333333,0.6903333333333332,-0.19033333333333333,56.9388,-2.573399999999998,-31.377999999999997,B,ohp,medium,36
-0.4315,0.8545,-0.375,5.3660000000000005,11.0122,-11.0,B,ohp,medium,36
-0.37966666666666665,0.7426666666666666,-0.39166666666666666,-4.5732,-4.9392000000000005,-13.2072,B,ohp,medium,36
-0.4795,0.8340000000000001,-0.2865,-29.5856,-8.2438,20.1588,B,ohp,medium,36
-0.448,0.965,-0.25133333333333335,-39.4754,-16.9146,24.7804,B,ohp,medium,36
-0.48950000000000005,1.3375,-0.249,19.3416,10.8416,-4.061,B,ohp,medium,36
-0.47666666666666674,1.1079999999999999,-0.30133333333333334,55.04880000000001,2.8904,-24.3904,B,ohp,medium,36
-0.3865,0.7729999999999999,-0.3395,-19.8536,10.6584,4.4756,B,ohp,medium,36
-0.3433333333333333,0.759,-0.25766666666666665,-33.7194,-5.8782,8.9268,B,ohp,medium,36
-0.33599999999999997,0.8245,-0.149,-23.6464,-0.35379999999999967,41.81699999999999,B,ohp,medium,36
-0.17200000000000001,0.7263333333333334,-0.13999999999999999,10.683,-5.4026,29.634000000000004,B,ohp,medium,36
-0.149,0.9875,-0.2,-8.2808,2.5366000000000004,-5.561,B,ohp,medium,36
-0.166,0.957,-0.136,-4.1339999999999995,-4.158399999999999,-9.1098,B,ohp,medium,36
-0.201,0.9305,-0.137,-1.0612,-3.6832000000000003,-2.0119999999999996,B,ohp,medium,36
-0.21233333333333335,0.964,-0.09466666666666668,-6.0976,-4.7682,-7.8172,B,ohp,medium,36
-0.237,0.942,-0.069,6.9998000000000005,2.6096000000000004,-14.4756,B,ohp,medium,36
-0.29,0.8903333333333334,-0.09300000000000001,4.1954,-6.805200000000001,-8.2804,B,ohp,medium,36
-0.2255,0.5805,-0.16349999999999998,48.4268,1.5488000000000004,-19.183,B,ohp,medium,36
-0.391,0.8603333333333333,-0.251,16.4756,17.634,-13.3292,B,ohp,medium,36
-0.4305,0.8345,-0.358,-4.2318,-3.9879999999999995,-11.7316,B,ohp,medium,36
-0.4306666666666667,0.8300000000000001,-0.2976666666666667,-7.4146,2.2926,1.5732000000000004,B,ohp,medium,36
-0.491,0.9365,-0.271,-41.2562,-22.012,7.695,B,ohp,medium,36
-0.5133333333333333,1.112,-0.18233333333333332,-10.0366,-5.061,12.938999999999998,B,ohp,medium,36
-0.518,1.228,-0.3145,75.4756,23.0488,-11.3902,B,ohp,medium,36
-0.43166666666666664,0.8353333333333334,-0.32666666666666666,7.8658,3.7072000000000003,-4.646400000000001,B,ohp,medium,36
-0.4105,0.7645,-0.3875,-14.134200000000002,-19.061,13.268200000000002,B,ohp,medium,36
-0.3176666666666667,0.7440000000000001,-0.274,-24.4266,-13.694999999999999,32.8412,B,ohp,medium,36
-0.153,0.39249999999999996,-0.17,10.7194,3.9632000000000005,-12.2804,B,ohp,medium,36
-0.292,0.7293333333333334,-0.268,24.2318,5.0366,-9.683,B,ohp,medium,36
-0.39649999999999996,0.8585,-0.321,-23.2316,-11.0732,-9.6466,B,ohp,medium,36
-0.383,0.93,-0.20299999999999999,-25.3658,-11.7316,19.8294,B,ohp,medium,36
-0.44,1.0594999999999999,-0.128,-37.1464,-21.9756,28.5,B,ohp,medium,36
-0.40633333333333327,1.393,-0.14866666666666667,47.1706,21.0612,-21.3782,B,ohp,medium,36
-0.405,0.9975,-0.24,40.7438,10.5734,-37.451,B,ohp,medium,36
-0.4033333333333333,0.7336666666666667,-0.30266666666666664,2.9026,7.1462,7.8172,B,ohp,medium,36
-0.432,0.8140000000000001,-0.31799999999999995,-28.219600000000003,-20.744,12.1464,B,ohp,medium,36
-0.2906666666666667,0.7326666666666667,-0.18300000000000002,-48.0,-1.4756,41.695,B,ohp,medium,36
-0.20800000000000002,0.711,-0.1345,12.865800000000002,-9.5854,0.3658000000000001,B,ohp,medium,36
-0.207,0.738,-0.09966666666666667,23.8294,-7.1586,-29.829200000000004,B,ohp,medium,36
-0.3665,0.764,-0.2245,37.3658,16.3658,-22.3656,B,ohp,medium,36
-0.43733333333333335,0.8426666666666667,-0.319,8.2194,7.9878,3.4024,B,ohp,medium,36
-0.432,0.893,-0.2985,-26.865999999999996,-18.744,4.1586,B,ohp,medium,36
-0.4423333333333333,0.9423333333333334,-0.20733333333333334,-41.0124,-20.061,24.3778,B,ohp,medium,36
-0.4285,1.154,-0.0625,-10.2562,-11.244,12.6464,B,ohp,medium,36
-0.45,1.248,-0.19533333333333336,84.0244,52.9756,-31.5122,B,ohp,medium,36
-0.406,0.823,-0.376,24.6462,1.8049999999999997,-14.390199999999998,B,ohp,medium,36
-0.4073333333333333,0.787,-0.4066666666666667,-29.744,-12.7318,5.7438,B,ohp,medium,36
-0.351,0.773,-0.32199999999999995,-45.1464,-26.622000000000003,38.6342,B,ohp,medium,36
-0.22433333333333336,0.614,-0.13566666666666669,-30.6586,15.8172,12.963400000000002,B,ohp,medium,36
-0.2855,1.0225,-0.0285,6.7072,-0.36600000000000005,5.1464,B,ohp,medium,36
-0.23766666666666666,0.9223333333333333,-0.11966666666666666,9.512,-3.732,2.9634,B,ohp,medium,36
-0.249,0.913,-0.113,0.8415999999999997,-14.194999999999999,-6.2562,B,ohp,medium,36
-0.245,0.9156666666666666,-0.13466666666666666,12.4268,-1.0363999999999998,-13.817000000000002,B,ohp,medium,36
-0.248,0.6735,-0.20350000000000001,29.9024,3.0852,-23.183,B,ohp,medium,36
-0.35366666666666663,0.7333333333333334,-0.239,21.744,6.4758,-13.268200000000002,B,ohp,medium,36
-0.41600000000000004,0.7805,-0.276,-9.7802,-1.3046000000000006,8.585400000000002,B,ohp,medium,36
-0.43566666666666665,0.987,-0.21666666666666667,-44.5244,-21.1706,27.7682,B,ohp,medium,36
-0.40549999999999997,1.061,-0.079,-48.3292,-21.9024,25.7682,B,ohp,medium,36
-0.2816666666666667,1.2523333333333333,-0.0010000000000000002,28.316999999999997,-13.1708,0.4878,B,ohp,medium,36
-0.34199999999999997,1.1349999999999998,-0.082,67.2928,48.3902,-33.6586,B,ohp,medium,36
-0.3416666666666666,0.8606666666666666,-0.3213333333333333,33.622,-0.10960000000000036,-23.1464,B,ohp,medium,36
-0.3915,0.784,-0.358,-2.0490000000000004,-11.9268,-5.0612,B,ohp,medium,36
-0.39633333333333337,0.781,-0.34299999999999997,-12.561,-2.0122,18.3902,B,ohp,medium,36
-0.344,0.8494999999999999,-0.2945,-39.4636,-12.256,41.7076,B,ohp,medium,36
-0.16833333333333333,0.673,-0.18433333333333332,-17.0976,4.1586,18.2928,B,ohp,medium,36
-0.23099999999999998,1.0385,-0.10200000000000001,-3.9146,-6.817,-9.3534,B,ohp,medium,36
-0.19266666666666665,0.7316666666666666,-0.11766666666666666,39.4634,3.3292,-38.8414,B,ohp,medium,36
-0.28,0.6575,-0.2955,46.8534,12.6708,-8.5732,B,ohp,medium,36
-0.36866666666666664,0.8356666666666667,-0.3503333333333334,-5.9634,-4.8294,3.6706000000000003,B,ohp,medium,36
-0.3705,0.9025000000000001,-0.3105,-36.4756,-31.1952,5.5608,B,ohp,medium,36
-0.439,1.122,-0.2293333333333333,-41.378,-28.768399999999996,57.2438,B,ohp,medium,36
-0.187,1.0725,-0.0895,6.7928,-6.744,14.890199999999998,B,ohp,medium,36
-0.15733333333333333,0.964,-0.07433333333333333,1.6829999999999998,-6.5611999999999995,3.5607999999999995,B,ohp,medium,36
-0.267,0.924,-0.132,5.6708,-5.6586,7.0489999999999995,B,ohp,medium,37
-0.21033333333333334,0.9273333333333333,-0.15,-6.6462,-5.1217999999999995,6.2196,B,ohp,medium,37
-0.279,1.3845,-0.3125,33.8414,28.670799999999996,-23.1096,B,ohp,medium,37
-0.3273333333333333,1.0106666666666666,-0.337,55.9024,28.7318,-26.1218,B,ohp,medium,37
-0.2695,0.767,-0.45199999999999996,3.793,-11.1342,4.207400000000001,B,ohp,medium,37
-0.254,0.7686666666666667,-0.439,-30.877999999999997,-8.561,10.8782,B,ohp,medium,37
-0.147,0.3905,-0.223,-5.1462,-18.122,4.7316,B,ohp,medium,37
-0.23199999999999998,0.5216666666666666,-0.27266666666666667,31.170799999999996,6.9879999999999995,-22.7806,B,ohp,medium,37
-0.38,0.9335,-0.41800000000000004,-1.9878,-1.4148,-4.683000000000001,B,ohp,medium,37
-0.4176666666666667,0.9023333333333333,-0.399,-16.3048,-9.0732,12.6708,B,ohp,medium,37
-0.3685,0.9624999999999999,-0.3865,-27.2928,-21.0,22.9266,B,ohp,medium,37
-0.39233333333333337,1.2716666666666665,-0.4146666666666667,13.585399999999998,1.2560000000000002,1.0244,B,ohp,medium,37
-0.42100000000000004,1.1675,-0.46599999999999997,49.0488,14.1588,-15.6828,B,ohp,medium,37
-0.3013333333333333,0.7963333333333334,-0.4106666666666667,-16.8656,-3.9512,-11.8172,B,ohp,medium,37
-0.2475,0.7625,-0.394,-31.890000000000004,-23.0732,30.305,B,ohp,medium,37
-0.14133333333333334,0.20166666666666666,-0.12833333333333333,22.2806,9.707,-22.305,B,ohp,medium,37
-0.3795,0.924,-0.4,27.622000000000003,-7.7438,-15.927000000000001,B,ohp,medium,37
-0.38933333333333336,0.8036666666666666,-0.448,-1.5734,3.2805999999999997,15.024599999999998,B,ohp,medium,37
-0.447,0.9075,-0.3675,-38.0488,-22.1952,5.683,B,ohp,medium,37
-0.38266666666666665,0.9903333333333334,-0.29,-22.1708,-12.3172,23.2926,B,ohp,medium,37
-0.48150000000000004,1.4635,-0.444,39.061,35.439,-11.2196,B,ohp,medium,37
-0.399,1.0206666666666666,-0.4266666666666667,28.012400000000003,11.622,-20.8658,B,ohp,medium,37
-0.3375,0.7835000000000001,-0.46599999999999997,-27.085199999999997,-12.7806,8.7804,B,ohp,medium,37
-0.165,0.3016666666666667,-0.18799999999999997,-37.1218,-9.3292,-0.6097999999999999,B,ohp,medium,37
-0.19,0.51,-0.199,40.4024,8.6952,-14.561000000000002,B,ohp,medium,37
-0.422,0.9506666666666667,-0.385,2.634,8.4878,8.4758,B,ohp,medium,37
-0.4195,0.9125,-0.3135,-20.8292,-14.9024,10.6832,B,ohp,medium,37
-0.36766666666666664,0.977,-0.323,-27.317,-13.0124,26.6952,B,ohp,medium,37
-0.2855,1.1360000000000001,-0.2565,3.0488,-6.0976,9.3538,B,ohp,medium,37
-0.36366666666666664,1.3323333333333334,-0.43166666666666664,75.76820000000001,28.9878,-20.6706,B,ohp,medium,37
-0.3005,0.8255,-0.47450000000000003,12.3902,-8.4756,-11.0,B,ohp,medium,37
-0.25966666666666666,0.7086666666666667,-0.38799999999999996,-73.0488,-24.8782,15.536599999999998,B,ohp,medium,37
-0.055499999999999994,0.057999999999999996,-0.1575,22.3658,8.1342,-20.8416,B,ohp,medium,37
-0.331,0.778,-0.3156666666666667,27.756,7.3902,-8.6098,B,ohp,medium,37
-0.4185,0.873,-0.395,-16.4022,-9.6462,-10.7928,B,ohp,medium,37
-0.445,0.898,-0.3283333333333333,-29.3416,-8.450999999999999,22.4634,B,ohp,medium,37
-0.41400000000000003,1.0045,-0.281,-24.1584,-27.365999999999996,23.7804,B,ohp,medium,37
-0.3946666666666667,1.261,-0.25299999999999995,23.195,4.9148,-1.8904,B,ohp,medium,37
-0.369,1.0795,-0.32799999999999996,77.1216,28.9878,-4.6708,B,ohp,medium,37
-0.32433333333333336,0.8463333333333333,-0.48933333333333334,14.366,-6.0856,-15.7928,B,ohp,medium,37
-0.28800000000000003,0.7015,-0.42700000000000005,-26.3536,0.5123999999999997,8.6706,B,ohp,medium,37
-0.2316666666666667,0.676,-0.37633333333333335,-35.9144,-13.3536,28.365999999999996,B,ohp,medium,37
-0.16699999999999998,0.579,-0.3295,18.8904,-0.6342000000000001,-0.024399999999999977,B,ohp,medium,37
-0.204,0.6213333333333333,-0.3393333333333333,4.5366,-0.7439999999999998,-36.9266,B,ohp,medium,37
-0.351,0.738,-0.3245,6.9146,-8.4634,-17.3048,B,ohp,medium,37
-0.44333333333333336,0.8576666666666667,-0.325,-10.5976,-6.0486,8.8662,B,ohp,medium,37
-0.5429999999999999,1.0695000000000001,-0.39649999999999996,-40.5,-23.9512,23.2072,B,ohp,medium,37
-0.38066666666666665,0.9983333333333334,-0.21966666666666668,-19.6586,-23.0976,16.5488,B,ohp,medium,37
-0.4245,1.4184999999999999,-0.28900000000000003,40.7438,51.29259999999999,-11.061,B,ohp,medium,37
-0.36733333333333335,0.9343333333333333,-0.36166666666666664,53.54879999999999,15.5732,-10.1828,B,ohp,medium,37
-0.3245,0.755,-0.434,-0.5732000000000002,-7.939,-8.4634,B,ohp,medium,37
-0.3503333333333334,0.7549999999999999,-0.39566666666666667,-7.1098,-21.2682,3.6343999999999994,B,ohp,medium,37
-0.3385,0.8220000000000001,-0.379,-37.927,8.305,54.439,B,ohp,medium,37
-0.14166666666666666,0.6093333333333333,-0.2956666666666667,0.31700000000000017,1.5856,11.5486,B,ohp,medium,37
-0.14850000000000002,1.0354999999999999,-0.3295,-5.9146,-1.5366,-10.6342,B,ohp,medium,37
-0.19866666666666666,0.8973333333333334,-0.2843333333333333,3.5,4.1464,-4.7072,B,ohp,medium,37
-0.2315,0.907,-0.3065,0.1708000000000002,-10.573,2.5242,B,ohp,medium,37
-0.19866666666666666,0.8566666666666666,-0.3026666666666667,-4.1098,-9.7682,-11.3292,B,ohp,medium,37
-0.184,0.623,-0.2445,16.7562,6.6584,-28.5854,B,ohp,medium,37
-0.323,0.7613333333333333,-0.336,42.1464,17.5,3.8537999999999997,B,ohp,medium,37
-0.348,0.915,-0.45599999999999996,-19.7684,1.0732,-20.378,B,ohp,medium,37
-0.34400000000000003,0.8446666666666666,-0.365,-29.122000000000003,-11.4512,10.9268,B,ohp,medium,37
-0.417,1.051,-0.32599999999999996,-33.2436,-19.3414,12.7436,B,ohp,medium,37
-0.48000000000000004,1.4000000000000001,-0.43966666666666665,63.82919999999999,33.4512,-7.097199999999999,B,ohp,medium,37
-0.3665,0.8555,-0.4185,20.6584,-19.2074,-10.7928,B,ohp,medium,37
-0.325,0.7606666666666667,-0.424,-26.621999999999996,-3.1464,29.914800000000003,B,ohp,medium,37
-0.079,0.12250000000000001,-0.1225,-6.402600000000001,-4.4148,-16.5244,B,ohp,medium,37
-0.3,0.6803333333333333,-0.31466666666666665,24.9512,-2.195,-13.5244,B,ohp,medium,37
-0.39449999999999996,0.9025000000000001,-0.4255,-18.5488,-3.8535999999999992,5.7074,B,ohp,medium,37
-0.4143333333333333,0.9156666666666666,-0.32266666666666666,-40.9756,-21.6098,18.1708,B,ohp,medium,37
-0.273,0.845,0.389,6.646,-3.7195,0.762,B,squat,medium,38
-0.288,0.8673333333333333,0.3413333333333333,5.5122,-6.4512,-0.13419999999999996,B,squat,medium,38
-0.2745,0.872,0.3485,5.4146,-1.8168,1.8536000000000001,B,squat,medium,38
-0.25433333333333336,0.8496666666666667,0.2956666666666667,6.5976,-4.6218,4.1828,B,squat,medium,38
-0.201,0.6795,0.244,-8.0854,-15.573000000000002,-3.9756,B,squat,medium,38
-0.22733333333333336,0.6973333333333334,0.3323333333333333,-23.256,-16.9758,-9.6828,B,squat,medium,38
-0.26849999999999996,0.8654999999999999,0.49,-6.9876000000000005,-9.6708,-4.7806,B,squat,medium,38
-0.28633333333333333,0.8853333333333334,0.5443333333333333,-8.2928,-8.1584,-3.6952,B,squat,medium,38
-0.301,0.8374999999999999,0.5375000000000001,-2.7682,-5.2684,-4.0612,B,squat,medium,38
-0.2956666666666667,0.867,0.5846666666666667,1.3414,-3.5732,0.1339999999999999,B,squat,medium,38
-0.347,0.941,0.6715,-12.963400000000002,4.9756,0.39020000000000005,B,squat,medium,38
-0.35200000000000004,0.8893333333333334,0.6709999999999999,-0.5246000000000002,23.4878,4.3172,B,squat,medium,38
-0.3825,0.8360000000000001,0.6,20.3538,6.0363999999999995,5.134,B,squat,medium,38
-0.318,0.8133333333333334,0.47900000000000004,14.305000000000001,0.024399999999999998,6.9268,B,squat,medium,38
-0.218,0.644,0.3235,20.2926,-1.1586,6.6098,B,squat,medium,38
-0.19833333333333333,0.6533333333333333,0.26533333333333337,19.317,-2.9268,6.1828,B,squat,medium,38
-0.2765,0.892,0.2895,12.5242,-1.8780000000000001,6.7562,B,squat,medium,38
-0.256,0.9056666666666667,0.28400000000000003,2.0856,-2.622,3.0124000000000004,B,squat,medium,38
-0.224,0.878,0.28600000000000003,-10.5,1.9880000000000002,2.9997999999999996,B,squat,medium,38
-0.20266666666666666,0.7853333333333333,0.24166666666666667,16.927,-7.2926,-1.134,B,squat,medium,38
-0.1695,0.672,0.1905,-3.683,-10.9756,-2.6218,B,squat,medium,38
-0.24133333333333332,0.8583333333333334,0.2813333333333334,-14.2804,-11.5364,-5.4514000000000005,B,squat,medium,38
-0.2585,0.9624999999999999,0.369,-3.0122,-9.3416,1.7681999999999998,B,squat,medium,38
-0.24866666666666667,0.9293333333333335,0.4086666666666667,-2.939,-5.0734,-1.9268,B,squat,medium,38
-0.251,0.9495,0.41600000000000004,1.9758000000000002,-6.1708,-3.2805999999999997,B,squat,medium,38
-0.3056666666666667,1.0886666666666667,0.49499999999999994,-6.5608,-2.6464,-3.0854,B,squat,medium,38
-0.311,1.02,0.5365,-10.1952,-3.3537999999999997,-1.9756,B,squat,medium,38
-0.2683333333333333,0.9036666666666666,0.5006666666666667,11.6464,2.6952,0.7070000000000001,B,squat,medium,38
-0.2835,0.886,0.487,-15.109800000000002,3.9512,3.8533999999999997,B,squat,medium,38
-0.22233333333333336,0.7826666666666666,0.36199999999999993,32.329,3.8045999999999998,6.3536,B,squat,medium,38
-0.1885,0.674,0.243,8.1586,1.573,2.0246,B,squat,medium,38
-0.21566666666666667,0.7370000000000001,0.23666666666666666,5.8048,2.0122,6.573,B,squat,medium,38
-0.243,0.929,0.291,-1.1461999999999997,-0.32919999999999994,1.3172000000000001,B,squat,medium,38
-0.22599999999999998,0.907,0.29533333333333334,-0.8779999999999999,-1.2806,-0.366,B,squat,medium,38
-0.228,0.8955,0.3005,3.8414,-0.6098,-0.12180000000000005,B,squat,medium,38
-0.24533333333333332,0.8969999999999999,0.278,6.0002,-1.7071999999999998,1.2437999999999998,B,squat,medium,38
-0.2205,0.8360000000000001,0.237,5.5854,-2.6586,0.4025999999999999,B,squat,medium,38
-0.15833333333333333,0.643,0.19299999999999998,-19.5976,-7.9879999999999995,-5.3902,B,squat,medium,38
-0.23299999999999998,0.7825,0.314,-19.0976,-15.0608,-5.9026,B,squat,medium,38
-0.267,0.9356666666666666,0.45199999999999996,1.7806000000000004,-12.950999999999999,-3.1342000000000003,B,squat,medium,38
-0.2415,0.8614999999999999,0.5065,-15.512199999999998,-7.378,-0.9144,B,squat,medium,38
-0.26,0.9063333333333333,0.5293333333333333,12.1708,-0.7318,-1.939,B,squat,medium,38
-0.318,1.0945,0.579,-12.1708,-6.9268,0.9266,B,squat,medium,38
-0.2946666666666667,1.0046666666666666,0.5956666666666667,10.7928,-1.7071999999999996,-0.21960000000000016,B,squat,medium,38
-0.262,0.8725,0.5285,12.1708,8.5124,0.19519999999999998,B,squat,medium,38
-0.27499999999999997,0.8796666666666667,0.454,5.3292,12.5,4.1828,B,squat,medium,38
-0.241,0.829,0.356,17.3414,4.5,5.9144000000000005,B,squat,medium,38
-0.20199999999999999,0.7416666666666667,0.24966666666666668,14.682999999999998,5.2682,5.4512,B,squat,medium,38
-0.186,0.6785000000000001,0.197,-0.7318,-1.9024,0.6462,B,squat,medium,38
-0.24266666666666667,0.8993333333333333,0.247,4.561,-1.061,0.817,B,squat,medium,38
-0.248,0.902,0.2485,0.46319999999999995,-2.6464,1.1708,B,squat,medium,38
-0.2383333333333333,0.9056666666666667,0.273,1.0854,0.244,0.8904,B,squat,medium,38
-0.242,0.907,0.253,3.9024,-1.6827999999999999,-0.7076,B,squat,medium,38
-0.19866666666666666,0.7296666666666667,0.19866666666666666,-7.1584,-4.0123999999999995,-2.9148000000000005,B,squat,medium,38
-0.1865,0.6435,0.2295,-22.7562,-20.707,-4.0485999999999995,B,squat,medium,38
-0.259,0.872,0.4106666666666667,-8.1098,-4.8902,-1.7806000000000002,B,squat,medium,38
-0.2645,0.9339999999999999,0.491,-21.7804,-8.4026,-2.4270000000000005,B,squat,medium,38
-0.27566666666666667,0.9216666666666667,0.5806666666666667,-5.878,-5.378,-0.7196,B,squat,medium,38
-0.3145,1.0365,0.678,-3.7196,-2.2558,-1.2925999999999997,B,squat,medium,38
-0.289,0.9286666666666666,0.6306666666666666,3.3536,-1.0854000000000001,1.366,B,squat,medium,38
-0.243,0.8109999999999999,0.5495,5.597799999999999,1.8050000000000002,1.5366000000000002,B,squat,medium,38
-0.26733333333333337,0.834,0.5213333333333333,16.6466,15.817000000000002,4.2684,B,squat,medium,38
-0.249,0.7715000000000001,0.40549999999999997,9.9026,5.0732,3.4509999999999996,B,squat,medium,38
-0.22633333333333336,0.7046666666666667,0.30233333333333334,13.682999999999998,2.2927999999999997,3.2316000000000003,B,squat,medium,38
-0.2415,0.756,0.2845,9.3538,1.1949999999999998,1.9268,B,squat,medium,38
-0.26766666666666666,0.8696666666666667,0.305,13.073000000000002,-2.0854,2.3172,B,squat,medium,38
-0.254,0.9005000000000001,0.2845,5.256,5.8536,0.7074,B,squat,medium,38
-0.258,0.8946666666666667,0.26033333333333336,2.3048,0.2562000000000001,1.0854,B,squat,medium,38
-0.2465,0.9085,0.2835,-28.048400000000004,23.683,11.3904,B,squat,medium,38
-0.25066666666666665,0.8346666666666667,0.25266666666666665,20.878,-22.5368,-4.3658,B,squat,medium,38
-0.1785,0.647,0.2155,-14.5244,-21.1584,-5.4148,B,squat,medium,38
-0.21666666666666667,0.7266666666666666,0.3436666666666666,-25.0608,-12.6706,-3.0612,B,squat,medium,38
-0.2355,0.8925000000000001,0.53,-7.3902,-5.9266,-0.9024000000000001,B,squat,medium,38
-0.25,0.8850000000000001,0.5213333333333333,-5.7438,-7.0244,-1.866,B,squat,medium,38
-0.271,0.976,0.6385000000000001,-0.04860000000000042,-5.2074,-1.2075999999999998,B,squat,medium,38
-0.292,1.0446666666666666,0.669,1.6098,3.4753999999999996,0.25599999999999995,B,squat,medium,38
-0.289,0.938,0.5780000000000001,11.0122,4.561,-2.0854,B,squat,medium,38
-0.28633333333333333,0.8836666666666666,0.504,23.1584,4.7804,2.7318,B,squat,medium,38
-0.2505,0.8380000000000001,0.358,13.683000000000002,4.6586,3.0119999999999996,B,squat,medium,38
-0.19133333333333333,0.6706666666666666,0.21833333333333335,17.0854,2.2316000000000003,2.427,B,squat,medium,38
-0.20400000000000001,0.692,0.22,-7.939,2.0122,3.3414,B,squat,medium,38
-0.26466666666666666,0.9186666666666667,0.2876666666666667,8.2804,-4.134,1.6583999999999999,B,squat,medium,38
-0.2355,0.881,0.2925,-3.1342,6.2928,4.694999999999999,B,squat,medium,38
-0.2343333333333333,0.8863333333333333,0.3113333333333333,-16.7316,32.5,13.707400000000002,B,squat,medium,38
-0.2645,0.923,0.2865,11.6588,-12.683,0.6097999999999999,B,squat,medium,38
-0.21533333333333335,0.8553333333333333,0.276,4.3414,-19.7194,-3.0976,B,squat,medium,38
-0.16949999999999998,0.687,0.2215,-14.012200000000002,-17.4026,-3.2804,B,squat,medium,38
-0.17600000000000002,0.706,0.322,-27.7926,-17.427,-3.561,B,squat,medium,38
-0.202,0.8514999999999999,0.479,-9.134,-10.5368,-3.1098,B,squat,medium,38
-0.2233333333333333,0.878,0.5756666666666667,-14.5244,-6.8048,-4.1586,B,squat,medium,38
-0.2365,0.8605,0.6445000000000001,-18.622,4.0488,1.1464000000000003,B,squat,medium,38
-0.2896666666666667,0.9896666666666668,0.7626666666666667,17.7804,0.23160000000000008,-0.9634,B,squat,medium,38
-0.2375,0.933,0.7215,-3.5974000000000004,0.8779999999999999,2.0852,B,squat,medium,38
-0.22966666666666669,0.8176666666666668,0.6453333333333333,3.2683999999999997,-6.4388000000000005,2.1952,B,squat,medium,38
-0.20500000000000002,0.834,0.5700000000000001,13.987799999999998,6.9146,4.2316,B,squat,medium,38
-0.16766666666666666,0.69,0.437,23.8534,4.305,7.0852,B,squat,medium,38
-0.151,0.575,0.265,10.683,4.4148,2.939,B,squat,medium,38
-0.208,0.8483333333333333,0.3586666666666667,-0.8657999999999999,-2.4512,0.41479999999999995,B,squat,medium,38
-0.2005,0.847,0.392,2.1462000000000003,-3.4392000000000005,-0.9022,B,squat,medium,38
-0.20366666666666666,0.8616666666666667,0.4066666666666667,4.3294,-2.3782,0.30479999999999996,B,squat,medium,38
-0.199,0.8855,0.39349999999999996,4.9636,1.0121999999999995,0.5488000000000002,B,squat,medium,38
-0.19099999999999998,0.87,0.38533333333333336,8.5852,-0.9997999999999999,1.9514,B,squat,medium,38
-0.1945,0.786,0.2995,-1.2928,-4.4148,-1.7924,B,squat,medium,38
-0.156,0.5943333333333333,0.25566666666666665,-16.8412,-9.634400000000001,-5.9876,B,squat,medium,38
-0.2015,0.792,0.46799999999999997,-14.158599999999998,-10.9024,-4.0123999999999995,B,squat,medium,38
-0.23266666666666666,0.8696666666666667,0.5326666666666667,-13.9512,-3.5854,-1.5241999999999998,B,squat,medium,38
-0.20550000000000002,0.854,0.627,-20.9146,-7.7318,1.0608,B,squat,medium,38
-0.23033333333333336,0.8329999999999999,0.6576666666666667,3.4388000000000005,1.0002,-3.6099999999999994,B,squat,medium,38
-0.307,1.0394999999999999,0.7909999999999999,-4.7684,-25.3778,0.2927999999999997,B,squat,medium,38
-0.20766666666666667,0.871,0.7583333333333333,-10.3416,4.0852,-2.5976,B,squat,medium,38
-0.2015,0.745,0.7505,-20.9636,8.8414,-0.4513999999999999,B,squat,medium,38
-0.21,0.6826666666666666,0.726,20.8172,10.293000000000001,9.2072,B,squat,medium,38
-0.2385,0.7625,0.6200000000000001,35.9392,9.2318,6.8658,B,squat,medium,38
-0.16566666666666666,0.5563333333333333,0.3143333333333333,35.9144,5.1704,4.0854,B,squat,medium,38
-0.1985,0.7175,0.3335,-5.5122,-2.439,3.439,B,squat,medium,38
-0.21666666666666667,0.8446666666666666,0.40599999999999997,7.4512,-4.1586,1.439,B,squat,medium,38
-0.215,0.8775,0.4545,6.0974,-0.2072000000000001,1.8172000000000001,B,squat,medium,38
-0.20666666666666667,0.8643333333333333,0.4036666666666667,7.4144000000000005,-0.683,2.5122,B,squat,medium,38
-0.202,0.8785000000000001,0.3845,0.5241999999999999,-0.9146000000000001,-0.41459999999999997,B,squat,medium,38
-0.20633333333333334,0.8416666666666667,0.34,7.7684,-2.1342,-2.8782,B,squat,medium,38
-0.1815,0.696,0.2445,-1.4998000000000005,-5.6828,-4.0612,B,squat,medium,38
-0.18466666666666667,0.6516666666666667,0.33966666666666673,-28.1706,-7.2196,-4.3412,B,squat,medium,38
-0.2555,0.888,0.494,-2.4758,-8.512,-1.3413999999999997,B,squat,medium,38
-0.25033333333333335,0.892,0.5523333333333333,-7.8538,-4.0976,-3.5366,B,squat,medium,38
-0.3,0.865,0.581,0.732,2.927,-10.122,B,squat,medium,38
